"","text"
"1","    the simpsons  cerita   kenyataan ulah      elit global  dcblackou"
"2"," terimakasihbpjs  ayooo bantu  petisi  simulut jamban   ditangkap"
"3","  membantu teman  orang terdekat    membantu orang    lingkar pertemanan  tren"
"4","    the simpsons  cerita   kenyataan ulah      elit global  dcblackou"
"5","    the simpsons  cerita   kenyataan ulah      elit global  dcblackou"
"6","    the simpsons  cerita   kenyataan ulah      elit global  dcblackou"
"7"," malam   share  lamaran kerja   terimakasihbpjs juni tonightshowcomeback "
"8","    the simpsons  cerita   kenyataan ulah      elit global  dcblackou"
"9","    the simpsons  cerita   kenyataan ulah      elit global  dcblackou"
"10","    the simpsons  cerita   kenyataan ulah      elit global  dcblackou"
"11","    the simpsons  cerita   kenyataan ulah      elit global  dcblackou"
"12","    the simpsons  cerita   kenyataan ulah      elit global  dcblackou"
"13","    the simpsons  cerita   kenyataan ulah      elit global  dcblackou"
"14","    the simpsons  cerita   kenyataan ulah      elit global  dcblackou"
"15","    the simpsons  cerita   kenyataan ulah      elit global  dcblackou"
"16","    the simpsons  cerita   kenyataan ulah      elit global  dcblackou"
"17","    the simpsons  cerita   kenyataan ulah      elit global  dcblackou"
"18","    the simpsons  cerita   kenyataan ulah      elit global  dcblackou"
"19","    the simpsons  cerita   kenyataan ulah      elit global  dcblackou"
"20","    the simpsons  cerita   kenyataan ulah      elit global  dcblackou"
"21","  org yg  pancasilais   kalo paham pancasila  gak ngutang kalo  paham gak naikan bpjs kalo  paham ga"
"22"," malam   share  lamaran kerja   terimakasihbpjs juni tonightshowcomeback "
"23","    the simpsons  cerita   kenyataan ulah      elit global  dcblackou"
"24","    the simpsons  cerita   kenyataan ulah      elit global  dcblackou"
"25"," malam   share  lamaran kerja   terimakasihbpjs juni tonightshowcomeback "
"26","    the simpsons  cerita   kenyataan ulah      elit global  dcblackou"
"27","    the simpsons  cerita   kenyataan ulah      elit global  dcblackou"
"28","    the simpsons  cerita   kenyataan ulah      elit global  dcblackou"
"29","    the simpsons  cerita   kenyataan ulah      elit global  dcblackou"
"30","    the simpsons  cerita   kenyataan ulah      elit global  dcblackou"
"31","    the simpsons  cerita   kenyataan ulah      elit global  dcblackou"
"32","    the simpsons  cerita   kenyataan ulah      elit global  dcblackou"
"33","    the simpsons  cerita   kenyataan ulah      elit global  dcblackou"
"34","  org yg  pancasilais   kalo paham pancasila  gak ngutang kalo  paham gak naikan bpjs kalo  paham ga"
"35"," malam   share  lamaran kerja   terimakasihbpjs juni tonightshowcomeback "
"36","    the simpsons  cerita   kenyataan ulah      elit global  dcblackou"
"37","    the simpsons  cerita   kenyataan ulah      elit global  dcblackou"
"38"," malam   share  lamaran kerja   terimakasihbpjs juni tonightshowcomeback "
"39","    the simpsons  cerita   kenyataan ulah      elit global  dcblackou"
"40","    the simpsons  cerita   kenyataan ulah      elit global  dcblackou"
"41"," malam   share  lamaran kerja   terimakasihbpjs juni tonightshowcomeback "
"42","    the simpsons  cerita   kenyataan ulah      elit global  dcblackou"
"43","    the simpsons  cerita   kenyataan ulah      elit global  dcblackou"
"44","    the simpsons  cerita   kenyataan ulah      elit global  dcblackou"
"45","    the simpsons  cerita   kenyataan ulah      elit global  dcblackou"
"46","    the simpsons  cerita   kenyataan ulah      elit global  dcblackou"
"47","    the simpsons  cerita   kenyataan ulah      elit global  dcblackou"
"48","    the simpsons  cerita   kenyataan ulah      elit global  dcblackou"
"49","    the simpsons  cerita   kenyataan ulah      elit global  dcblackou"
"50","    the simpsons  cerita   kenyataan ulah      elit global  dcblackou"
"51"," malam   share  lamaran kerja   terimakasihbpjs juni tonightshowcomeback "
"52","    the simpsons  cerita   kenyataan ulah      elit global  dcblackou"
"53","    the simpsons  cerita   kenyataan ulah      elit global  dcblackou"
"54","    the simpsons  cerita   kenyataan ulah      elit global  dcblackou"
"55","    the simpsons  cerita   kenyataan ulah      elit global  dcblackou"
"56"," malam   share  lamaran kerja   terimakasihbpjs juni tonightshowcomeback "
"57","    the simpsons  cerita   kenyataan ulah      elit global  dcblackou"
"58","    the simpsons  cerita   kenyataan ulah      elit global  dcblackou"
"59","    the simpsons  cerita   kenyataan ulah      elit global  dcblackou"
"60","    the simpsons  cerita   kenyataan ulah      elit global  dcblackou"
"61","    the simpsons  cerita   kenyataan ulah      elit global  dcblackou"
"62","    the simpsons  cerita   kenyataan ulah      elit global  dcblackou"
"63"," malam   share  lamaran kerja   terimakasihbpjs juni tonightshowcomeback "
"64","    the simpsons  cerita   kenyataan ulah      elit global  dcblackou"
"65"," malam   share  lamaran kerja   terimakasihbpjs juni tonightshowcomeback "
"66","    the simpsons  cerita   kenyataan ulah      elit global  dcblackou"
"67","  org yg  pancasilais   kalo paham pancasila  gak ngutang kalo  paham gak naikan bpjs kalo  paham ga"
"68"," malam   share  lamaran kerja   terimakasihbpjs juni tonightshowcomeback "
"69","    the simpsons  cerita   kenyataan ulah      elit global  dcblackou"
"70","    the simpsons  cerita   kenyataan ulah      elit global  dcblackou"
"71","    the simpsons  cerita   kenyataan ulah      elit global  dcblackou"
"72","    the simpsons  cerita   kenyataan ulah      elit global  dcblackou"
"73","    the simpsons  cerita   kenyataan ulah      elit global  dcblackou"
"74","    the simpsons  cerita   kenyataan ulah      elit global  dcblackou"
"75","    the simpsons  cerita   kenyataan ulah      elit global  dcblackou"
"76","    the simpsons  cerita   kenyataan ulah      elit global  dcblackou"
"77","    the simpsons  cerita   kenyataan ulah      elit global  dcblackou"
"78","    the simpsons  cerita   kenyataan ulah      elit global  dcblackou"
"79","    the simpsons  cerita   kenyataan ulah      elit global  dcblackou"
"80","    the simpsons  cerita   kenyataan ulah      elit global  dcblackou"
"81"," malam   share  lamaran kerja   terimakasihbpjs juni tonightshowcomeback "
"82","    the simpsons  cerita   kenyataan ulah      elit global  dcblackou"
"83","    the simpsons  cerita   kenyataan ulah      elit global  dcblackou"
"84","    the simpsons  cerita   kenyataan ulah      elit global  dcblackou"
"85","    the simpsons  cerita   kenyataan ulah      elit global  dcblackou"
"86","    the simpsons  cerita   kenyataan ulah      elit global  dcblackou"
"87"," malam   share  lamaran kerja   terimakasihbpjs juni tonightshowcomeback "
"88","    the simpsons  cerita   kenyataan ulah      elit global  dcblackou"
"89","    the simpsons  cerita   kenyataan ulah      elit global  dcblackou"
"90","    the simpsons  cerita   kenyataan ulah      elit global  dcblackou"
"91","gejala komunis  sosialis     pemimpinpenguasa   berjasa  bangsa  menu "
"92","    the simpsons  cerita   kenyataan ulah      elit global  dcblackou"
"93","    the simpsons  cerita   kenyataan ulah      elit global  dcblackou"
"94","    the simpsons  cerita   kenyataan ulah      elit global  dcblackou"
"95","    the simpsons  cerita   kenyataan ulah      elit global  dcblackou"
"96","    the simpsons  cerita   kenyataan ulah      elit global  dcblackou"
"97","    the simpsons  cerita   kenyataan ulah      elit global  dcblackou"
"98","    the simpsons  cerita   kenyataan ulah      elit global  dcblackou"
"99"," malam   share  lamaran kerja   terimakasihbpjs juni tonightshowcomeback "
"100","    the simpsons  cerita   kenyataan ulah      elit global  dcblackou"
"101","    the simpsons  cerita   kenyataan ulah      elit global  dcblackou"
"102","    the simpsons  cerita   kenyataan ulah      elit global  dcblackou"
"103","    the simpsons  cerita   kenyataan ulah      elit global  dcblackou"
"104"," malam   share  lamaran kerja   terimakasihbpjs juni tonightshowcomeback "
"105","    the simpsons  cerita   kenyataan ulah      elit global  dcblackou"
"106"," malam   share  lamaran kerja   terimakasihbpjs juni tonightshowcomeback "
"107","    the simpsons  cerita   kenyataan ulah      elit global  dcblackou"
"108","    the simpsons  cerita   kenyataan ulah      elit global  dcblackou"
"109","    the simpsons  cerita   kenyataan ulah      elit global  dcblackou"
"110","  org yg  pancasilais   kalo paham pancasila  gak ngutang kalo  paham gak naikan bpjs kalo  paham ga"
"111","    the simpsons  cerita   kenyataan ulah      elit global  dcblackou"
"112","    the simpsons  cerita   kenyataan ulah      elit global  dcblackou"
"113","ding  time in indonesia now  tuesday  tren terimakasihbpjs pridemonth bangbangconthelive "
"114","    the simpsons  cerita   kenyataan ulah      elit global  dcblackou"
"115","    the simpsons  cerita   kenyataan ulah      elit global  dcblackou"
"116","    the simpsons  cerita   kenyataan ulah      elit global  dcblackou"
"117","    the simpsons  cerita   kenyataan ulah      elit global  dcblackou"
"118","    the simpsons  cerita   kenyataan ulah      elit global  dcblackou"
"119","    the simpsons  cerita   kenyataan ulah      elit global  dcblackou"
"120"," malam   share  lamaran kerja   terimakasihbpjs juni tonightshowcomeback "
"121","    the simpsons  cerita   kenyataan ulah      elit global  dcblackou"
"122","    the simpsons  cerita   kenyataan ulah      elit global  dcblackou"
"123","    the simpsons  cerita   kenyataan ulah      elit global  dcblackou"
"124","    the simpsons  cerita   kenyataan ulah      elit global  dcblackou"
"125","    the simpsons  cerita   kenyataan ulah      elit global  dcblackou"
"126","    the simpsons  cerita   kenyataan ulah      elit global  dcblackou"
"127","    the simpsons  cerita   kenyataan ulah      elit global  dcblackou"
"128"," malam   share  lamaran kerja   terimakasihbpjs juni tonightshowcomeback "
"129"," malam   share  lamaran kerja   terimakasihbpjs juni tonightshowcomeback "
"130","    the simpsons  cerita   kenyataan ulah      elit global  dcblackou"
"131","    the simpsons  cerita   kenyataan ulah      elit global  dcblackou"
"132","    the simpsons  cerita   kenyataan ulah      elit global  dcblackou"
"133","    the simpsons  cerita   kenyataan ulah      elit global  dcblackou"
"134","    the simpsons  cerita   kenyataan ulah      elit global  dcblackou"
"135","    the simpsons  cerita   kenyataan ulah      elit global  dcblackou"
"136","    the simpsons  cerita   kenyataan ulah      elit global  dcblackou"
"137","    the simpsons  cerita   kenyataan ulah      elit global  dcblackou"
"138"," malam   share  lamaran kerja   terimakasihbpjs juni tonightshowcomeback "
"139","    the simpsons  cerita   kenyataan ulah      elit global  dcblackou"
"140","    the simpsons  cerita   kenyataan ulah      elit global  dcblackou"
"141","    the simpsons  cerita   kenyataan ulah      elit global  dcblackou"
"142","    the simpsons  cerita   kenyataan ulah      elit global  dcblackou"
"143","    the simpsons  cerita   kenyataan ulah      elit global  dcblackou"
"144","  org yg  pancasilais   kalo paham pancasila  gak ngutang kalo  paham gak naikan bpjs kalo  paham ga"
"145","    the simpsons  cerita   kenyataan ulah      elit global  dcblackou"
"146","  org yg  pancasilais   kalo paham pancasila  gak ngutang kalo  paham gak naikan bpjs kalo  paham ga"
"147","    the simpsons  cerita   kenyataan ulah      elit global  dcblackou"
"148","    the simpsons  cerita   kenyataan ulah      elit global  dcblackou"
"149","maha karya  mahal   ayook exol ku support lay  yuk  litlayzhang  lay weareoneexo  kalimantan "
"150","    the simpsons  cerita   kenyataan ulah      elit global  dcblackou"
"151","    the simpsons  cerita   kenyataan ulah      elit global  dcblackou"
"152","  org yg  pancasilais   kalo paham pancasila  gak ngutang kalo  paham gak naikan bpjs kalo  paham ga"
"153","    the simpsons  cerita   kenyataan ulah      elit global  dcblackou"
"154"," malam   share  lamaran kerja   terimakasihbpjs juni tonightshowcomeback "
"155","    the simpsons  cerita   kenyataan ulah      elit global  dcblackou"
"156","    the simpsons  cerita   kenyataan ulah      elit global  dcblackou"
"157"," malam   share  lamaran kerja   terimakasihbpjs juni tonightshowcomeback "
"158"," malam   share  lamaran kerja   terimakasihbpjs juni tonightshowcomeback "
"159"," malam   share  lamaran kerja   terimakasihbpjs juni tonightshowcomeback "
"160","    the simpsons  cerita   kenyataan ulah      elit global  dcblackou"
"161"," malam   share  lamaran kerja   terimakasihbpjs juni tonightshowcomeback "
"162"," malam   share  lamaran kerja   terimakasihbpjs juni tonightshowcomeback "
"163","    the simpsons  cerita   kenyataan ulah      elit global  dcblackou"
"164","    the simpsons  cerita   kenyataan ulah      elit global  dcblackou"
"165"," malam   share  lamaran kerja   terimakasihbpjs juni tonightshowcomeback "
"166","  org yg  pancasilais   kalo paham pancasila  gak ngutang kalo  paham gak naikan bpjs kalo  paham ga"
"167","    the simpsons  cerita   kenyataan ulah      elit global  dcblackou"
"168"," malam   share  lamaran kerja   terimakasihbpjs juni tonightshowcomeback "
"169"," malam   share  lamaran kerja   terimakasihbpjs juni tonightshowcomeback "
"170"," malam   share  lamaran kerja   terimakasihbpjs juni tonightshowcomeback "
"171"," malam   share  lamaran kerja   terimakasihbpjs juni tonightshowcomeback "
"172","  org yg  pancasilais   kalo paham pancasila  gak ngutang kalo  paham gak naikan bpjs kalo  paham ga"
"173","    the simpsons  cerita   kenyataan ulah      elit global  dcblackou"
"174"," malam   share  lamaran kerja   terimakasihbpjs juni tonightshowcomeback "
"175","  org yg  pancasilais   kalo paham pancasila  gak ngutang kalo  paham gak naikan bpjs kalo  paham ga"
"176"," malam   share  lamaran kerja   terimakasihbpjs juni tonightshowcomeback "
"177"," malam   share  lamaran kerja   terimakasihbpjs juni tonightshowcomeback "
"178"," malam   share  lamaran kerja   terimakasihbpjs juni tonightshowcomeback "
"179"," malam   share  lamaran kerja   terimakasihbpjs juni tonightshowcomeback "
"180","    the simpsons  cerita   kenyataan ulah      elit global  dcblackou"
"181"," malam   share  lamaran kerja   terimakasihbpjs juni tonightshowcomeback "
"182"," malam   share  lamaran kerja   terimakasihbpjs juni tonightshowcomeback "
"183"," malam   share  lamaran kerja   terimakasihbpjs juni tonightshowcomeback "
"184"," malam   share  lamaran kerja   terimakasihbpjs juni tonightshowcomeback "
"185"," malam   share  lamaran kerja   terimakasihbpjs juni tonightshowcomeback "
"186","  org yg  pancasilais   kalo paham pancasila  gak ngutang kalo  paham gak naikan bpjs kalo  paham ga"
"187"," malam   share  lamaran kerja   terimakasihbpjs juni tonightshowcomeback "
"188"," malam   share  lamaran kerja   terimakasihbpjs juni tonightshowcomeback "
"189"," malam   share  lamaran kerja   terimakasihbpjs juni tonightshowcomeback "
"190","    the simpsons  cerita   kenyataan ulah      elit global  dcblackou"
"191"," malam   share  lamaran kerja   terimakasihbpjs juni tonightshowcomeback "
"192"," malam   share  lamaran kerja   terimakasihbpjs juni tonightshowcomeback "
"193"," malam   share  lamaran kerja   terimakasihbpjs juni tonightshowcomeback "
"194"," malam   share  lamaran kerja   terimakasihbpjs juni tonightshowcomeback "
"195"," malam   share  lamaran kerja   terimakasihbpjs juni tonightshowcomeback "
"196","    the simpsons  cerita   kenyataan ulah      elit global  dcblackou"
"197"," malam   share  lamaran kerja   terimakasihbpjs juni tonightshowcomeback "
"198"," malam   share  lamaran kerja   terimakasihbpjs juni tonightshowcomeback "
"199","  org yg  pancasilais   kalo paham pancasila  gak ngutang kalo  paham gak naikan bpjs kalo  paham ga"
"200"," malam   share  lamaran kerja   terimakasihbpjs juni tonightshowcomeback "
"201"," malam   share  lamaran kerja   terimakasihbpjs juni tonightshowcomeback "
"202"," alhamdulilah ya allah terima kasih  pemerintah   membantu terimakasihbpjs"
"203"," malam   share  lamaran kerja   terimakasihbpjs juni tonightshowcomeback "
"204","    the simpsons  cerita   kenyataan ulah      elit global  dcblackou"
"205","    the simpsons  cerita   kenyataan ulah      elit global  dcblackou"
"206","  org yg  pancasilais   kalo paham pancasila  gak ngutang kalo  paham gak naikan bpjs kalo  paham ga"
"207"," malam   share  lamaran kerja   terimakasihbpjs juni tonightshowcomeback "
"208","    the simpsons  cerita   kenyataan ulah      elit global  dcblackou"
"209"," malam   share  lamaran kerja   terimakasihbpjs juni tonightshowcomeback "
"210","kalo emang  jalannya doa  usaha  kuncinya twitterreceh keepspirit terimakasihbpjs"
"211","   yg  klo barang  sampenya terimakasihbpjs twicemoreandmore bangbangconthelive brobrogorebisano"
"212"," malam   share  lamaran kerja   terimakasihbpjs juni tonightshowcomeback "
"213"," malam   share  lamaran kerja   terimakasihbpjs juni tonightshowcomeback "
"214","    the simpsons  cerita   kenyataan ulah      elit global  dcblackou"
"215","   jknkis peserta bpjskesehatan lancar menjalani cuci darah  seneng dengernya semoga lekas sembuh ya mbak"
"216","    the simpsons  cerita   kenyataan ulah      elit global  dcblackou"
"217"," makan minum bayar sewa  tinggal beli bensin  hasil usaha    nggak  kritik peme"
"218"," malam   share  lamaran kerja   terimakasihbpjs juni tonightshowcomeback "
"219","    the simpsons  cerita   kenyataan ulah      elit global  dcblackou"
"220"," malam   share  lamaran kerja   terimakasihbpjs juni tonightshowcomeback "
"221","    the simpsons  cerita   kenyataan ulah      elit global  dcblackou"
"222","  org yg  pancasilais   kalo paham pancasila  gak ngutang kalo  paham gak naikan bpjs kalo  paham ga"
"223"," malam   share  lamaran kerja   terimakasihbpjs juni tonightshowcomeback "
"224"," malam   share  lamaran kerja   terimakasihbpjs juni tonightshowcomeback "
"225","    the simpsons  cerita   kenyataan ulah      elit global  dcblackou"
"226"," malam   share  lamaran kerja   terimakasihbpjs juni tonightshowcomeback "
"227"," malam   share  lamaran kerja   terimakasihbpjs juni tonightshowcomeback "
"228"," malam   share  lamaran kerja   terimakasihbpjs juni tonightshowcomeback "
"229","  org yg  pancasilais   kalo paham pancasila  gak ngutang kalo  paham gak naikan bpjs kalo  paham ga"
"230","    the simpsons  cerita   kenyataan ulah      elit global  dcblackou"
"231"," malam   share  lamaran kerja   terimakasihbpjs juni tonightshowcomeback "
"232"," malam   share  lamaran kerja   terimakasihbpjs juni tonightshowcomeback "
"233"," malam   share  lamaran kerja   terimakasihbpjs juni tonightshowcomeback "
"234"," malam   share  lamaran kerja   terimakasihbpjs juni tonightshowcomeback "
"235"," malam   share  lamaran kerja   terimakasihbpjs juni tonightshowcomeback "
"236"," malam   share  lamaran kerja   terimakasihbpjs juni tonightshowcomeback "
"237"," malam   share  lamaran kerja   terimakasihbpjs juni tonightshowcomeback "
"238","    the simpsons  cerita   kenyataan ulah      elit global  dcblackou"
"239"," malam   share  lamaran kerja   terimakasihbpjs juni tonightshowcomeback "
"240"," malam   share  lamaran kerja   terimakasihbpjs juni tonightshowcomeback "
"241"," malam   share  lamaran kerja   terimakasihbpjs juni tonightshowcomeback "
"242"," make bpjs kelas  grgr anak masuk rs    bpjs  bikin yg darurat   kartu keluarga  u "
"243","  org yg  pancasilais   kalo paham pancasila  gak ngutang kalo  paham gak naikan bpjs kalo  paham ga"
"244"," malam   share  lamaran kerja   terimakasihbpjs juni tonightshowcomeback "
"245","    the simpsons  cerita   kenyataan ulah      elit global  dcblackou"
"246"," malam   share  lamaran kerja   terimakasihbpjs juni tonightshowcomeback "
"247","  urusan     terimakasihbpjs "
"248"," upload data  antrian online bpjs ketenagakerjaan  error    buzzerp aja yg bilang terimakasihbpjs  asuu "
"249"," malam   share  lamaran kerja   terimakasihbpjs juni tonightshowcomeback "
"250"," malam   share  lamaran kerja   terimakasihbpjs juni tonightshowcomeback "
"251"," malam   share  lamaran kerja   terimakasihbpjs juni tonightshowcomeback "
"252"," malam   share  lamaran kerja   terimakasihbpjs juni tonightshowcomeback "
"253","    the simpsons  cerita   kenyataan ulah      elit global  dcblackou"
"254"," malam   share  lamaran kerja   terimakasihbpjs juni tonightshowcomeback "
"255"," malam   share  lamaran kerja   terimakasihbpjs juni tonightshowcomeback "
"256"," malam   share  lamaran kerja   terimakasihbpjs juni tonightshowcomeback "
"257","   yg  klo barang  sampenya terimakasihbpjs twicemoreandmore bangbangconthelive brobrogorebisano"
"258","   mengeluh   bpjs taun  mengalami kenaikan administrasi  berbelit hutang bpjs  rumah sak"
"259","    the simpsons  cerita   kenyataan ulah      elit global  dcblackou"
"260"," malam   share  lamaran kerja   terimakasihbpjs juni tonightshowcomeback "
"261","  org yg  pancasilais   kalo paham pancasila  gak ngutang kalo  paham gak naikan bpjs kalo  paham ga"
"262"," malam   share  lamaran kerja   terimakasihbpjs juni tonightshowcomeback "
"263","    the simpsons  cerita   kenyataan ulah      elit global  dcblackou"
"264"," malam   share  lamaran kerja   terimakasihbpjs juni tonightshowcomeback "
"265"," terimakasihbpjs  link yutub   semoga    nonton "
"266"," malam   share  lamaran kerja   terimakasihbpjs juni tonightshowcomeback "
"267","  org yg  pancasilais   kalo paham pancasila  gak ngutang kalo  paham gak naikan bpjs kalo  paham ga"
"268"," malam   share  lamaran kerja   terimakasihbpjs juni tonightshowcomeback "
"269"," malam   share  lamaran kerja   terimakasihbpjs juni tonightshowcomeback "
"270"," malam   share  lamaran kerja   terimakasihbpjs juni tonightshowcomeback "
"271"," malam   share  lamaran kerja   terimakasihbpjs juni tonightshowcomeback "
"272","  membantu teman  orang terdekat    membantu orang    lingkar pertemanan  tren"
"273","  org yg  pancasilais   kalo paham pancasila  gak ngutang kalo  paham gak naikan bpjs kalo  paham ga"
"274"," malam   share  lamaran kerja   terimakasihbpjs juni tonightshowcomeback "
"275"," malam   share  lamaran kerja   terimakasihbpjs juni tonightshowcomeback "
"276","  org yg  pancasilais   kalo paham pancasila  gak ngutang kalo  paham gak naikan bpjs kalo  paham ga"
"277","  org yg  pancasilais   kalo paham pancasila  gak ngutang kalo  paham gak naikan bpjs kalo  paham ga"
"278"," malam   share  lamaran kerja   terimakasihbpjs juni tonightshowcomeback "
"279","  org yg  pancasilais   kalo paham pancasila  gak ngutang kalo  paham gak naikan bpjs kalo  paham ga"
"280","maaf melenceng     pekerjaan gurutenaga pendidiktenaga pengajar  upahnya   peke "
"281","   nanya nanya   tanggungan biayanya   operasi pke bpjs    maasyaaallah terimakasihbpjs"
"282","terimakasihbpjs dagangan kopi ku laris manis  orang pening berkat dirimu "
"283"," malam   share  lamaran kerja   terimakasihbpjs juni tonightshowcomeback "
"284","  org yg  pancasilais   kalo paham pancasila  gak ngutang kalo  paham gak naikan bpjs kalo  paham ga"
"285"," malam   share  lamaran kerja   terimakasihbpjs juni tonightshowcomeback "
"286","  org yg  pancasilais   kalo paham pancasila  gak ngutang kalo  paham gak naikan bpjs kalo  paham ga"
"287","terimakasihbpjs turun  ya cek tagihan   kls   k"
"288","terimakasihbpjs "
"289"," malam   share  lamaran kerja   terimakasihbpjs juni tonightshowcomeback "
"290"," malam   share  lamaran kerja   terimakasihbpjs juni tonightshowcomeback "
"291"," malam   share  lamaran kerja   terimakasihbpjs juni tonightshowcomeback "
"292"," malam   share  lamaran kerja   terimakasihbpjs juni tonightshowcomeback "
"293"," malam   share  lamaran kerja   terimakasihbpjs juni tonightshowcomeback "
"294","fakta    tampakan terimakasihbpjs"
"295","  org yg  pancasilais   kalo paham pancasila  gak ngutang kalo  paham gak naikan bpjs kalo  paham ga"
"296","next kurleb    mlm  rs     membayar biaya rumah sakit  sekaliiiiiiiiii terimakasihbpjs"
"297"," malam   share  lamaran kerja   terimakasihbpjs juni tonightshowcomeback "
"298","    the simpsons  cerita   kenyataan ulah      elit global  dcblackou"
"299"," malam   share  lamaran kerja   terimakasihbpjs juni tonightshowcomeback "
"300"," malam   share  lamaran kerja   terimakasihbpjs juni tonightshowcomeback "
"301"," malam   share  lamaran kerja   terimakasihbpjs juni tonightshowcomeback "
"302","  org yg  pancasilais   kalo paham pancasila  gak ngutang kalo  paham gak naikan bpjs kalo  paham ga"
"303","bermanfaat   berkat jknkis peserta bpjs kesehatan lancar menjalani cuci darah  bpjskesehatan newnormal "
"304"," malam   share  lamaran kerja   terimakasihbpjs juni tonightshowcomeback "
"305","semangat  iuran  lancat  potong  gaji giliran   rumah sakit   ugd      t "
"306"," malam   share  lamaran kerja   terimakasihbpjs juni tonightshowcomeback "
"307"," pride terimakasihbpjs "
"308"," terimakasihbpjs  link yutub   semoga    nonton "
"309"," malam   share  lamaran kerja   terimakasihbpjs juni tonightshowcomeback "
"310"," malam   share  lamaran kerja   terimakasihbpjs juni tonightshowcomeback "
"311","bpjs  positif dipandangan gw  emang harganya   terimakasihbpjs"
"312"," malam   share  lamaran kerja   terimakasihbpjs juni tonightshowcomeback "
"313","  org yg  pancasilais   kalo paham pancasila  gak ngutang kalo  paham gak naikan bpjs kalo  paham ga"
"314","terimakasihbpjs "
"315"," malam   share  lamaran kerja   terimakasihbpjs juni tonightshowcomeback "
"316"," daftar rekomendasi game terbaru juni   platform ps xbox one switch  pc "
"317","    the simpsons  cerita   kenyataan ulah      elit global  dcblackou"
"318","terimakasihbpjs mhn pencerahan min sy kls  tagihan knp hny   mhn pencerahan trm kasih  "
"319","  org yg  pancasilais   kalo paham pancasila  gak ngutang kalo  paham gak naikan bpjs kalo  paham ga"
"320"," malam   share  lamaran kerja   terimakasihbpjs juni tonightshowcomeback "
"321","   mengeluh   bpjs taun  mengalami kenaikan administrasi  berbelit hutang bpjs  rumah sak"
"322","  terimakasihbpjs "
"323","   pemimpin yg  mengamalkan pancasila    terimakasihbpjs "
"324"," buka twitter malam   lihat tagar terimakasihbpjs  trending     cerita  ttg pengalaman say"
"325","terimakasihbpjs  link yutub   semoga    nonton "
"326"," terimakasihbpjs hidup makjn susah tagihan bpjs   presidensintingbersekalabesar"
"327","  urusan     terimakasihbpjs "
"328","  org yg  malas   menulis thread   twitter  berhubung terimakasihbpjs  tr "
"329","    the simpsons  cerita   kenyataan ulah      elit global  dcblackou"
"330"," malam   share  lamaran kerja   terimakasihbpjs juni tonightshowcomeback "
"331"," malam   share  lamaran kerja   terimakasihbpjs juni tonightshowcomeback "
"332","  org yg  pancasilais   kalo paham pancasila  gak ngutang kalo  paham gak naikan bpjs kalo  paham ga"
"333"," malam   share  lamaran kerja   terimakasihbpjs juni tonightshowcomeback "
"334"," malam   share  lamaran kerja   terimakasihbpjs juni tonightshowcomeback "
"335","  membantu teman  orang terdekat    membantu orang    lingkar pertemanan  tren"
"336","terimakasihbpjs untung    daftar  kalo diwajibkan daftar bpjs   lawan malak  namanya"
"337","  org yg  pancasilais   kalo paham pancasila  gak ngutang kalo  paham gak naikan bpjs kalo  paham ga"
"338"," malam   share  lamaran kerja   terimakasihbpjs juni tonightshowcomeback "
"339"," malam   share  lamaran kerja   terimakasihbpjs juni tonightshowcomeback "
"340"," makan minum bayar sewa  tinggal beli bensin  hasil usaha    nggak  kritik peme"
"341","  org yg  pancasilais   kalo paham pancasila  gak ngutang kalo  paham gak naikan bpjs kalo  paham ga"
"342","  org yg  pancasilais   kalo paham pancasila  gak ngutang kalo  paham gak naikan bpjs kalo  paham ga"
"343"," malam   share  lamaran kerja   terimakasihbpjs juni tonightshowcomeback "
"344"," malam   share  lamaran kerja   terimakasihbpjs juni tonightshowcomeback "
"345","  org yg  pancasilais   kalo paham pancasila  gak ngutang kalo  paham gak naikan bpjs kalo  paham ga"
"346"," siti fadillah is the best mrpaper terimakasihbpjs"
"347","terimakasihbpjs"
"348","  membantu teman  orang terdekat    membantu orang    lingkar pertemanan  tren"
"349","  org yg  pancasilais   kalo paham pancasila  gak ngutang kalo  paham gak naikan bpjs kalo  paham ga"
"350"," malam   share  lamaran kerja   terimakasihbpjs juni tonightshowcomeback "
"351"," rindu      terimakasihbpjs "
"352"," malam   share  lamaran kerja   terimakasihbpjs juni tonightshowcomeback "
"353"," malam   share  lamaran kerja   terimakasihbpjs juni tonightshowcomeback "
"354","  sakit  meriang  batuk flu manfaat kartu jkn kis   berasa berbeda   keluarga  har"
"355","   masuk rs   diagnosis dbd maag kronis typus amp  anemia  alhamdulilah nggak ngeluarin uang sepeserpun"
"356"," malam   share  lamaran kerja   terimakasihbpjs juni tonightshowcomeback "
"357","   pemimpin yg  mengamalkan pancasila    terimakasihbpjs "
"358","  urusan     terimakasihbpjs "
"359"," malam   share  lamaran kerja   terimakasihbpjs juni tonightshowcomeback "
"360","  org yg  pancasilais   kalo paham pancasila  gak ngutang kalo  paham gak naikan bpjs kalo  paham ga"
"361","  batal ngerekrut buzzer ko  naikin tagar terimakasihbpjs  "
"362"," malam   share  lamaran kerja   terimakasihbpjs juni tonightshowcomeback "
"363","coba  kelola swasta dgn iuran  itupasti pelayanannya  prima terimakasihbpjs"
"364","please  korupsi  yaa pancasila terimakasihbpjs "
"365","setau  itukan  masyarakat   oh  kriteria masyarakat    indonesia  i "
"366"," tembok kelas sosial menganga derita manusia  berita  mengudara    ancaman nasib  "
"367","  terimakasihbpjs karna  menanggung  pengobatan   tdk  bpjs  tdk tau  baya "
"368","buka twitter malam   lihat tagar terimakasihbpjs  trending     cerita  ttg pengala "
"369","  org yg  pancasilais   kalo paham pancasila  gak ngutang kalo  paham gak naikan bpjs kalo  paham ga"
"370","aneh yaa  tuh orang   rumah sakit pakai mobil mewah hp smartphone   asuransi jiwa  ta "
"371"," malam   share  lamaran kerja   terimakasihbpjs juni tonightshowcomeback "
"372"," makan minum bayar sewa  tinggal beli bensin  hasil usaha    nggak  kritik peme"
"373"," malam   share  lamaran kerja   terimakasihbpjs juni tonightshowcomeback "
"374","  org yg  pancasilais   kalo paham pancasila  gak ngutang kalo  paham gak naikan bpjs kalo  paham ga"
"375","  org yg  pancasilais   kalo paham pancasila  gak ngutang kalo  paham gak naikan bpjs kalo  paham ga"
"376"," malam   share  lamaran kerja   terimakasihbpjs juni tonightshowcomeback "
"377"," malam   share  lamaran kerja   terimakasihbpjs juni tonightshowcomeback "
"378","almarhum  ku terdiagnosa penyakit    bolak   rumah sakit      la "
"379"," gini gak tau albemama gadis kretek  gak tau sungguh  cek gt gt   "
"380"," malam   share  lamaran kerja   terimakasihbpjs juni tonightshowcomeback "
"381"," malam   share  lamaran kerja   terimakasihbpjs juni tonightshowcomeback "
"382","   yg  klo barang  sampenya terimakasihbpjs twicemoreandmore bangbangconthelive brobrogorebisano"
"383","   operasi usus buntu akut  rs polri kramat jati alhamdulillah  minggu rawat inap   keluarg "
"384"," malam   share  lamaran kerja   terimakasihbpjs juni tonightshowcomeback "
"385","  pemimpin   anak buah bodoh   gunanya    pemimpin  bodoh pasukan terbaik  "
"386","  org yg  pancasilais   kalo paham pancasila  gak ngutang kalo  paham gak naikan bpjs kalo  paham ga"
"387"," makan minum bayar sewa  tinggal beli bensin  hasil usaha    nggak  kritik peme"
"388","  org yg  pancasilais   kalo paham pancasila  gak ngutang kalo  paham gak naikan bpjs kalo  paham ga"
"389","  urusan     terimakasihbpjs "
"390"," malam   share  lamaran kerja   terimakasihbpjs juni tonightshowcomeback "
"391","domino agen judi bandarq terbaik  terpercaya indonesia    gemari  bettor  mencari keuntun "
"392","domino situs judi bandarq terbaik  terpercaya indonesia    gemari  bettor  mencari keuntu "
"393","  org yg  pancasilais   kalo paham pancasila  gak ngutang kalo  paham gak naikan bpjs kalo  paham ga"
"394"," malam   share  lamaran kerja   terimakasihbpjs juni tonightshowcomeback "
"395","terimakasihbpjs udah becandain orang sakit"
"396"," malam   share  lamaran kerja   terimakasihbpjs juni tonightshowcomeback "
"397","  urusan     terimakasihbpjs "
"398","hesteg terimakasihbpjs  maksudnya apaa yaa nyindir  gimana btw   bayar bpjs   ehh   "
"399","    prihatin semoga  mbak sehat  gak sakit  ya     rawat jalan pneumonia"
"400"," rangka    gw  ga   tuh tarif lvl   terimakasihbpjs"
"401","  org yg  pancasilais   kalo paham pancasila  gak ngutang kalo  paham gak naikan bpjs kalo  paham ga"
"402"," terimakasihbpjs   udah gak sanggup bayar tagihannya "
"403","makan minum bayar sewa  tinggal beli bensin  hasil usaha    nggak  kritik "
"404"," malam   share  lamaran kerja   terimakasihbpjs juni tonightshowcomeback "
"405"," malam   share  lamaran kerja   terimakasihbpjs juni tonightshowcomeback "
"406","   pemimpin yg  mengamalkan pancasila    terimakasihbpjs "
"407"," malam   share  lamaran kerja   terimakasihbpjs juni tonightshowcomeback "
"408","  org yg  pancasilais   kalo paham pancasila  gak ngutang kalo  paham gak naikan bpjs kalo  paham ga"
"409"," malam   share  lamaran kerja   terimakasihbpjs juni tonightshowcomeback "
"410"," malam   share  lamaran kerja   terimakasihbpjs juni tonightshowcomeback "
"411"," malam   share  lamaran kerja   terimakasihbpjs juni tonightshowcomeback "
"412","  org yg  pancasilais   kalo paham pancasila  gak ngutang kalo  paham gak naikan bpjs kalo  paham ga"
"413"," terimakasihbpjs   ngrasain tarif bpjs turun  skrng udah  ajaaa heleeeh"
"414"," malam   share  lamaran kerja   terimakasihbpjs juni tonightshowcomeback "
"415","  membantu teman  orang terdekat    membantu orang    lingkar pertemanan  tren"
"416","  org yg  pancasilais   kalo paham pancasila  gak ngutang kalo  paham gak naikan bpjs kalo  paham ga"
"417"," malam   share  lamaran kerja   terimakasihbpjs juni tonightshowcomeback "
"418"," malam   share  lamaran kerja   terimakasihbpjs juni tonightshowcomeback "
"419"," malam   share  lamaran kerja   terimakasihbpjs juni tonightshowcomeback "
"420","artis dwi sasono ditankp polisi gara gara  simak kronologinya  via  gadis kretek terimakasihbpjs"
"421","  org yg  pancasilais   kalo paham pancasila  gak ngutang kalo  paham gak naikan bpjs kalo  paham ga"
"422"," malam   share  lamaran kerja   terimakasihbpjs juni tonightshowcomeback "
"423"," malam   share  lamaran kerja   terimakasihbpjs juni tonightshowcomeback "
"424"," malam   share  lamaran kerja   terimakasihbpjs juni tonightshowcomeback "
"425","takkan   defisit  iuran  dinaikkan  kebanyakan kunjungan  rs  klb   ditanggu "
"426"," malam   share  lamaran kerja   terimakasihbpjs juni tonightshowcomeback "
"427"," hubungan dgn terimakasihbpjs  ya"
"428","  izin tag ya   follow ya orang nya baek pinter ramah pride  bacotsantuy  terimakasihbpjs"
"429"," malam   share  lamaran kerja   terimakasihbpjs juni tonightshowcomeback "
"430","  org yg  pancasilais   kalo paham pancasila  gak ngutang kalo  paham gak naikan bpjs kalo  paham ga"
"431"," malam   share  lamaran kerja   terimakasihbpjs juni tonightshowcomeback "
"432","   mengeluh   bpjs taun  mengalami kenaikan administrasi  berbelit hutang bpjs  rumah sak"
"433","   the simpsons  cerita   kenyataan ulah      elit global  "
"434"," malam   share  lamaran kerja   terimakasihbpjs juni tonightshowcomeback "
"435","  org yg  pancasilais   kalo paham pancasila  gak ngutang kalo  paham gak naikan bpjs kalo  paham ga"
"436","  org yg  pancasilais   kalo paham pancasila  gak ngutang kalo  paham gak naikan bpjs kalo  paham ga"
"437","  operasi pengeluaran  jt emang    prosedur yg dijalanin tp karna sabar berjal "
"438","  byk yg merasakan manfaat jknkis salah satunya peserta bpjs kesehatan  yg lancar menjalani cuci darah krn dibiay"
"439","  peserta bpjskesehatan membantu sanak kerabat  terjaga kesehatannya salah satunya  fasilitas cuci darah"
"440"," malam   share  lamaran kerja   terimakasihbpjs juni tonightshowcomeback "
"441","selamat  pancasila indonesia   lawan corona  anfasaproject terimakasihbpjs bacotsantuy "
"442"," malam   share  lamaran kerja   terimakasihbpjs juni tonightshowcomeback "
"443","   pemimpin yg  mengamalkan pancasila    terimakasihbpjs "
"444"," malam   share  lamaran kerja   terimakasihbpjs juni tonightshowcomeback "
"445","  org yg  pancasilais   kalo paham pancasila  gak ngutang kalo  paham gak naikan bpjs kalo  paham ga"
"446","  org yg  pancasilais   kalo paham pancasila  gak ngutang kalo  paham gak naikan bpjs kalo  paham ga"
"447","  org yg  pancasilais   kalo paham pancasila  gak ngutang kalo  paham gak naikan bpjs kalo  paham ga"
"448"," malam   share  lamaran kerja   terimakasihbpjs juni tonightshowcomeback "
"449","bacot nya negara berkembang   kuliah gue libur sampe uas kek nya      terimakasihbpjs"
"450","   litlayzhang  oneokrock baktipolriuntuksesama tonightshowcomeback moreandmore stillget"
"451","  org yg  pancasilais   kalo paham pancasila  gak ngutang kalo  paham gak naikan bpjs kalo  paham ga"
"452","dgn  jknkis harisomawati slah stu peserta bpjs kesehatan   lancar menjalani cuci darah "
"453","nenek meninggal   katanyaiuran bpjs auto berhenti  dapet surat tagihan    bpjs  nama "
"454"," terimakasihbpjs "
"455","barangsiapa  shalat sunnah  seharisemalam   rakaat    amalan  "
"456","  banget kecuali endoskopi terimakasihbpjs"
"457","   litlayzhang  oneokrock baktipolriuntuksesama tonightshowcomeback moreandmore stillget"
"458","  urusan     terimakasihbpjs "
"459","  urusan     terimakasihbpjs "
"460","terimakasihbpjs  april gagal transaksi via mbanking  saldo  terdebet sampe x transaksi rb say "
"461","  urusan     terimakasihbpjs "
"462","slh  fasilitas dr bpjs kesehatan  menjalani cuci darah dgn gratis   sdh terbukti "
"463","   yg  klo barang  sampenya terimakasihbpjs twicemoreandmore bangbangconthelive brobrogorebisano"
"464","  litlayzhang  oneokrock baktipolriuntuksesama tonightshowcomeback moreandmore "
"465"," malam   share  lamaran kerja   terimakasihbpjs juni tonightshowcomeback "
"466","   pemimpin yg  mengamalkan pancasila    terimakasihbpjs "
"467"," terimakasihbpjs  memaksa rakyat  autodebit yg error x sebulan  dipotong solusiny kagak  ditanyain b"
"468","  org yg  pancasilais   kalo paham pancasila  gak ngutang kalo  paham gak naikan bpjs kalo  paham ga"
"469","harisomawari salah  peserta jknkis   lancar menjalani cuci darah   fasilitas dr bpjs kes "
"470","terimakasihbpjs "
"471"," malam   share  lamaran kerja   terimakasihbpjs juni tonightshowcomeback "
"472","  org yg  pancasilais   kalo paham pancasila  gak ngutang kalo  paham gak naikan bpjs kalo  paham ga"
"473","  org yg  pancasilais   kalo paham pancasila  gak ngutang kalo  paham gak naikan bpjs kalo  paham ga"
"474","  org yg  pancasilais   kalo paham pancasila  gak ngutang kalo  paham gak naikan bpjs kalo  paham ga"
"475","  org yg  pancasilais   kalo paham pancasila  gak ngutang kalo  paham gak naikan bpjs kalo  paham ga"
"476"," pancasilapersatukannkri    kedaulatan indonesia  cuman korona sehebat  sih korona  "
"477","terimakasihbpjs"
"478"," terimakasihbpjs"
"479"," terimakasihbpjs"
"480","  org yg  pancasilais   kalo paham pancasila  gak ngutang kalo  paham gak naikan bpjs kalo  paham ga"
"481","  org yg  pancasilais   kalo paham pancasila  gak ngutang kalo  paham gak naikan bpjs kalo  paham ga"
"482","mama   meninggal   kebanggaan tersendiri   berusaha keras merawat mama usaha melawan pe "
"483","  terimakasihbpjs "
"484","  org yg  pancasilais   kalo paham pancasila  gak ngutang kalo  paham gak naikan bpjs kalo  paham ga"
"485","  org yg  pancasilais   kalo paham pancasila  gak ngutang kalo  paham gak naikan bpjs kalo  paham ga"
"486"," malam   share  lamaran kerja   terimakasihbpjs juni tonightshowcomeback "
"487","   pemimpin yg  mengamalkan pancasila    terimakasihbpjs "
"488","  org yg  pancasilais   kalo paham pancasila  gak ngutang kalo  paham gak naikan bpjs kalo  paham ga"
"489","  org yg  pancasilais   kalo paham pancasila  gak ngutang kalo  paham gak naikan bpjs kalo  paham ga"
"490","  urusan     terimakasihbpjs "
"491"," malam   share  lamaran kerja   terimakasihbpjs juni tonightshowcomeback "
"492","  org yg  pancasilais   kalo paham pancasila  gak ngutang kalo  paham gak naikan bpjs kalo  paham ga"
"493"," malam   share  lamaran kerja   terimakasihbpjs juni tonightshowcomeback "
"494","konsultan kredit macet rumah  dilelang bantu turunkantunda angsuran  bantu  warismasalah prope "
"495"," malam   share  lamaran kerja   terimakasihbpjs juni tonightshowcomeback "
"496","terimakasihbpjs "
"497","  peserta bpjskesehatan membantu sanak kerabat  terjaga kesehatannya salah satunya  fasilitas cuci darah"
"498","astagfirullah rai terimakasihbpjs "
"499","  org yg  pancasilais   kalo paham pancasila  gak ngutang kalo  paham gak naikan bpjs kalo  paham ga"
"500","  pandemi   bahagia  baca kabar pasien bpjs  layanan cuci darah   wabah c "
"501"," malam   share  lamaran kerja   terimakasihbpjs juni tonightshowcomeback "
"502","  urusan     terimakasihbpjs "
"503","   pemimpin yg  mengamalkan pancasila    terimakasihbpjs "
"504"," malam   share  lamaran kerja   terimakasihbpjs juni tonightshowcomeback "
"505","  org yg  pancasilais   kalo paham pancasila  gak ngutang kalo  paham gak naikan bpjs kalo  paham ga"
"506"," malam   share  lamaran kerja   terimakasihbpjs juni tonightshowcomeback "
"507"," kebayang ga sih slur  keluarga   yg kena gagal ginjal  kudu cuci darah  minggu  menyambung idu"
"508","terimakasihbpjs     menemani ku ngga kebayang  ngga    izinnya    "
"509","rutinitas  tanggal  paket internet nyokapamp bokap  bpjs beliau semoga orang tua ku sehat  biar uan "
"510"," malam   share  lamaran kerja   terimakasihbpjs juni tonightshowcomeback "
"511"," peserta bpjskesehatan membantu sanak kerabat  terjaga kesehatannya salah satunya  fasilitas cuc "
"512"," memaksa  anya korea selatan george floyd terimakasihbpjs tonightshowcomeback floyd indonesia audrey "
"513"," tagar kayak gini yg naikin  cuman buserrp wkwkww yg setuju bpjs   cuman mreka maklum  jongossss  terimakasihbpjs"
"514","  sakit  meriang  batuk flu manfaat kartu jkn kis   berasa berbeda   keluarga  har"
"515","ah iya terimakasihbpjs nya lupa gk kebawa ampe bingung  makasih   sih"
"516","kebayang ga sih slur  keluarga   yg kena gagal ginjal  kudu cuci darah  minggu  menyambung "
"517","   yg  klo barang  sampenya terimakasihbpjs twicemoreandmore bangbangconthelive brobrogorebisano"
"518","  sakit  meriang  batuk flu manfaat kartu jkn kis   berasa berbeda   keluarga  har"
"519"," malam   share  lamaran kerja   terimakasihbpjs juni tonightshowcomeback "
"520","  org yg  pancasilais   kalo paham pancasila  gak ngutang kalo  paham gak naikan bpjs kalo  paham ga"
"521"," sakit  meriang  batuk flu manfaat kartu jkn kis   berasa berbeda   keluarga k "
"522","numpang yach be te we terimakasihbpjs "
"523"," malam   share  lamaran kerja   terimakasihbpjs juni tonightshowcomeback "
"524"," malam   share  lamaran kerja   terimakasihbpjs juni tonightshowcomeback "
"525","  org yg  pancasilais   kalo paham pancasila  gak ngutang kalo  paham gak naikan bpjs kalo  paham ga"
"526","  org yg  pancasilais   kalo paham pancasila  gak ngutang kalo  paham gak naikan bpjs kalo  paham ga"
"527","  org yg  pancasilais   kalo paham pancasila  gak ngutang kalo  paham gak naikan bpjs kalo  paham ga"
"528"," januari  msh bayar rb februari turun kelas rb maret rb april rb mei free   tagihannya "
"529"," malam   share  lamaran kerja   terimakasihbpjs juni tonightshowcomeback "
"530"," malam   share  lamaran kerja   terimakasihbpjs juni tonightshowcomeback "
"531","  org yg  pancasilais   kalo paham pancasila  gak ngutang kalo  paham gak naikan bpjs kalo  paham ga"
"532"," malam   share  lamaran kerja   terimakasihbpjs juni tonightshowcomeback "
"533","my dad heart disease      kali sakit  rawat  rs pelni jakarta     ma "
"534","sewa pompa asi  breastpump bs singledouble whatsapp  sewa jg stroller boxbayi kurumi vacuum clean "
"535","  org yg  pancasilais   kalo paham pancasila  gak ngutang kalo  paham gak naikan bpjs kalo  paham ga"
"536","januari  msh bayar rb februari turun kelas rb maret rb april rb mei free   tagihannya "
"537"," malam   share  lamaran kerja   terimakasihbpjs juni tonightshowcomeback "
"538","kebijkan berhaluan sosialis  memiliki subsidi terbesar  triliun       pol "
"539"," malam   share  lamaran kerja   terimakasihbpjs juni tonightshowcomeback "
"540"," malam   share  lamaran kerja   terimakasihbpjs juni tonightshowcomeback "
"541","  urusan     terimakasihbpjs "
"542","  jknkis peserta bpjs kesehatan lancar menjalani cuci darah   bpjskesehatan "
"543","  jknkis peserta bpjs kesehatan lancar menjalani cuci darah   bpjskesehatan "
"544","beruntunglah pasien   peserta jkn kis shg   membayar biaya cuci darahnya  bpjskesehatan "
"545"," malam   share  lamaran kerja   terimakasihbpjs juni tonightshowcomeback "
"546"," malam   share  lamaran kerja   terimakasihbpjs juni tonightshowcomeback "
"547","   prihatin semoga  mbak sehat  gak sakit  ya     rawat jalan pneu "
"548","  org yg  pancasilais   kalo paham pancasila  gak ngutang kalo  paham gak naikan bpjs kalo  paham ga"
"549"," malam   share  lamaran kerja   terimakasihbpjs juni tonightshowcomeback "
"550","  kecelakaan  kaki patah tulang  udah operasi x  insyaalah  besok operasi  biaya dita "
"551"," malam   share  lamaran kerja   terimakasihbpjs juni tonightshowcomeback "
"552"," malam   share  lamaran kerja   terimakasihbpjs juni tonightshowcomeback "
"553","  org yg  pancasilais   kalo paham pancasila  gak ngutang kalo  paham gak naikan bpjs kalo  paham ga"
"554","      bgt   tertolong   jkn kis contohnya    nih yuk "
"555","terimakasihbpjs   sih "
"556"," malam   share  lamaran kerja   terimakasihbpjs juni tonightshowcomeback "
"557"," malam   share  lamaran kerja   terimakasihbpjs juni tonightshowcomeback "
"558"," malam   share  lamaran kerja   terimakasihbpjs juni tonightshowcomeback "
"559","dcblackout blacklivesmatter terimakasihbpjs "
"560"," malam   share  lamaran kerja   terimakasihbpjs juni tonightshowcomeback "
"561","  org yg  pancasilais   kalo paham pancasila  gak ngutang kalo  paham gak naikan bpjs kalo  paham ga"
"562"," malam   share  lamaran kerja   terimakasihbpjs juni tonightshowcomeback "
"563"," malam   share  lamaran kerja   terimakasihbpjs juni tonightshowcomeback "
"564"," malam   share  lamaran kerja   terimakasihbpjs juni tonightshowcomeback "
"565"," kabarmu  terimakasihbpjs buktikan   sehat"
"566","  menyebarkan berita terkait virus corona covid silahkan temukan  berita hoax populer ter "
"567","weird genius  lathi ft sara fajira lesty cover     kai solo pingsan terimakasihbpjs gad "
"568","  org yg  pancasilais   kalo paham pancasila  gak ngutang kalo  paham gak naikan bpjs kalo  paham ga"
"569","  org yg  pancasilais   kalo paham pancasila  gak ngutang kalo  paham gak naikan bpjs kalo  paham ga"
"570","weird genius  lathi ft sara fajira lesty cover     kai solo pingsan terimakasihbpjs gad "
"571","   sakit pneumonia  komplikasi   berkat tuhan   pelayanan   "
"572","  org yg  pancasilais   kalo paham pancasila  gak ngutang kalo  paham gak naikan bpjs kalo  paham ga"
"573"," malam   share  lamaran kerja   terimakasihbpjs juni tonightshowcomeback "
"574","weird genius  lathi ft sara fajira lesty cover     kai solo pingsan terimakasihbpjs"
"575","   yg  klo barang  sampenya terimakasihbpjs twicemoreandmore bangbangconthelive brobrogorebisano"
"576"," gubernur pemda  pemkot  petugas bpjs  ga  mengakali jps bpjs terima kasih  presiden "
"577"," malam   share  lamaran kerja   terimakasihbpjs juni tonightshowcomeback "
"578","teruntuk   ikhlas  membayar kenaikan bpjs     menurunkan kelasnya doakan   "
"579","  inipun obat   bernama brilinta ga masuk  akal sih harganya  seminggu doang udah  "
"580","  rumit   benarbenar     paham  peraturannya    ha "
"581","      pasang ring  kali  biayanya      juta  kali ba "
"582"," semalam  igd besok paginya  tindakan  kerena  penyumbatan  ring jantung   kemarin "
"583","    kali pasang ring   penyumbatan      iya    lak "
"584","penyumbatan pembuluh darah    pasang ring     mendaftarkan bpjs   baga "
"585","  layak    anggap   investasi       tahunnya merek "
"586","ga   ngeluh  mendaftarkan bpjs orang tua kelas  anggaplah  bentuk  kasih sayang  terhada "
"587"," malam   share  lamaran kerja   terimakasihbpjs juni tonightshowcomeback "
"588","  nikmati permaianan live casino  agen terbesar seasia wm casino  pelanyan c "
"589","  org yg  pancasilais   kalo paham pancasila  gak ngutang kalo  paham gak naikan bpjs kalo  paham ga"
"590","  org yg  pancasilais   kalo paham pancasila  gak ngutang kalo  paham gak naikan bpjs kalo  paham ga"
"591","  membantu teman  orang terdekat    membantu orang    lingkar pertemanan  tren"
"592","  yuk gabung  goal agen sbobet terpercaya  terbesar  asia kontak   wh "
"593","nikmati permaianan live casino  agen terbesar seasia wm casino  pelanyan casino  dealer ca "
"594","  org yg  pancasilais   kalo paham pancasila  gak ngutang kalo  paham gak naikan bpjs kalo  paham ga"
"595","yuk gabung  goal agen sbobet terpercaya  terbesar  asia kontak   whatsapp   "
"596","  batal ngerekrut buzzer ko  naikin tagar terimakasihbpjs  "
"597"," malam   share  lamaran kerja   terimakasihbpjs juni tonightshowcomeback "
"598","malam   share  lamaran kerja   terimakasihbpjs juni tonightshowcomeback "
"599","  org yg  pancasilais   kalo paham pancasila  gak ngutang kalo  paham gak naikan bpjs kalo  paham ga"
"600","  org yg  pancasilais   kalo paham pancasila  gak ngutang kalo  paham gak naikan bpjs kalo  paham ga"
"601","  org yg  pancasilais   kalo paham pancasila  gak ngutang kalo  paham gak naikan bpjs kalo  paham ga"
"602","mo bpjs naek ato engga klo rakyat nya sejahtera ga   ngeluh terimakasihbpjs"
"603","  org yg  pancasilais   kalo paham pancasila  gak ngutang kalo  paham gak naikan bpjs kalo  paham ga"
"604","  org yg  pancasilais   kalo paham pancasila  gak ngutang kalo  paham gak naikan bpjs kalo  paham ga"
"605","  org yg  pancasilais   kalo paham pancasila  gak ngutang kalo  paham gak naikan bpjs kalo  paham ga"
"606","  org yg  pancasilais   kalo paham pancasila  gak ngutang kalo  paham gak naikan bpjs kalo  paham ga"
"607"," terimakasihbpjs hidup makjn susah tagihan bpjs   presidensintingbersekalabesar"
"608","  org yg  pancasilais   kalo paham pancasila  gak ngutang kalo  paham gak naikan bpjs kalo  paham ga"
"609","  org yg  pancasilais   kalo paham pancasila  gak ngutang kalo  paham gak naikan bpjs kalo  paham ga"
"610","  org yg  pancasilais   kalo paham pancasila  gak ngutang kalo  paham gak naikan bpjs kalo  paham ga"
"611"," niat nya  ganti faskes  nyari tutorial  suruh download app jkn  ku download la   pas diliat bagus ju"
"612","  kali dangkal informasi   riuh   yuk dibaca  biar  paham ya   bpjskesehatan terimakasih"
"613"," g si gua korupsi bpjs terimakasihbpjs"
"614","  org yg  pancasilais   kalo paham pancasila  gak ngutang kalo  paham gak naikan bpjs kalo  paham ga"
"615","  byk yg merasakan manfaat jknkis salah satunya peserta bpjs kesehatan  yg lancar menjalani cuci darah krn dibiay"
"616","  org yg  pancasilais   kalo paham pancasila  gak ngutang kalo  paham gak naikan bpjs kalo  paham ga"
"617","  org yg  pancasilais   kalo paham pancasila  gak ngutang kalo  paham gak naikan bpjs kalo  paham ga"
"618","  urusan     terimakasihbpjs "
"619","  ditonton  disubscribe  suka ya teman   share  frank zukenberg  gadis kr "
"620","  org yg  pancasilais   kalo paham pancasila  gak ngutang kalo  paham gak naikan bpjs kalo  paham ga"
"621"," membantu rakyat  iuran  dinaikan terimakasihbpjs terimakasihbpjs  mimpi kali yee"
"622","    yg sehat  terbebani u membayar iuran   yg sakit  terbantu dgn program "
"623","  org yg  pancasilais   kalo paham pancasila  gak ngutang kalo  paham gak naikan bpjs kalo  paham ga"
"624","  urusan     terimakasihbpjs "
"625","   yg  klo barang  sampenya terimakasihbpjs twicemoreandmore bangbangconthelive brobrogorebisano"
"626"," aja yuk blacklivematters dcblackout terimakasihbpjs "
"627","sakit  tetep bayarterimakasihbpjs"
"628","bantu    orasaru  gadis kretek frank zukenberg terimakasihbpjs pingsan bacotsantuy "
"629","  urusan     terimakasihbpjs "
"630","terimakasihbpjs"
"631","  org yg  pancasilais   kalo paham pancasila  gak ngutang kalo  paham gak naikan bpjs kalo  paham ga"
"632","  org yg  pancasilais   kalo paham pancasila  gak ngutang kalo  paham gak naikan bpjs kalo  paham ga"
"633","niat nya  ganti faskes  nyari tutorial  suruh download app jkn  ku download la   pas diliat b "
"634","  membantu teman  orang terdekat    membantu orang    lingkar pertemanan  tren"
"635","   yg  klo barang  sampenya terimakasihbpjs twicemoreandmore bangbangconthelive brobrogorebisano"
"636","  urusan     terimakasihbpjs "
"637","  urusan     terimakasihbpjs "
"638","  org yg  pancasilais   kalo paham pancasila  gak ngutang kalo  paham gak naikan bpjs kalo  paham ga"
"639","nongkrong  liat   d bacotsantuy sore dreamscometrue terimakasihbpjs recehkantwitter memetwit "
"640","layanan bpjs kesehatan  kepuasan masyarakat  gotong royong  tertolong  "
"641","  org yg  pancasilais   kalo paham pancasila  gak ngutang kalo  paham gak naikan bpjs kalo  paham ga"
"642","kamar penuh terimakasihbpjs"
"643","bukti  bpjskesehatan menolong rakyat  sakit peserta bpjs kesehatan lancar menjalani cuci darah  ten "
"644","  org yg  pancasilais   kalo paham pancasila  gak ngutang kalo  paham gak naikan bpjs kalo  paham ga"
"645"," sokan ikutan tagar terimakasihbpjs kalo hidup lu  nyusahin orang tua  dasar milenial buzzer"
"646","  terimakasihbpjs "
"647","  org yg  pancasilais   kalo paham pancasila  gak ngutang kalo  paham gak naikan bpjs kalo  paham ga"
"648","     divonis sakit batu ginjal  dokter   berobat  minggu   seb "
"649","badan pengaman jaringan syahwat  terimakasihbpjs"
"650","iuran    bayar tagar terimakasihbpjs    telekkk "
"651","  urusan     terimakasihbpjs "
"652","  org yg  pancasilais   kalo paham pancasila  gak ngutang kalo  paham gak naikan bpjs kalo  paham ga"
"653","  org yg  pancasilais   kalo paham pancasila  gak ngutang kalo  paham gak naikan bpjs kalo  paham ga"
"654","ga tau gmana  kl ga ad bpjs bokap w divonis menderita jantung koroner  diharuskan psang ring krna penyumb "
"655","mumpung lg bahas bpjs     intens pake bpjs  berobat   kali  operasi yg memakan biaya  "
"656","  urusan     terimakasihbpjs "
"657"," pingsan gadis kretek   terimakasihbpjs  frank zukenberg "
"658","terimakasihbpjs"
"659","  org yg  pancasilais   kalo paham pancasila  gak ngutang kalo  paham gak naikan bpjs kalo  paham ga"
"660","video lionel messi  dani alves  barcelona  terimakasihbpjs"
"661","wak kwao terimakasihbpjs"
"662","  urusan     terimakasihbpjs "
"663","  org yg  pancasilais   kalo paham pancasila  gak ngutang kalo  paham gak naikan bpjs kalo  paham ga"
"664","mantan  wa gini  kah terimakasihbpjs "
"665","  org yg  pancasilais   kalo paham pancasila  gak ngutang kalo  paham gak naikan bpjs kalo  paham ga"
"666","terimakasihbpjs   yg  "
"667","  org yg  pancasilais   kalo paham pancasila  gak ngutang kalo  paham gak naikan bpjs kalo  paham ga"
"668","   yg  klo barang  sampenya terimakasihbpjs twicemoreandmore bangbangconthelive brobrogorebisano"
"669","istri melahirkan anak   operasi alhamdulillah ditanggung bpjs  terimakasihbpjs"
"670"," harap berhusnuzhon   panik  terimakasihbpjs "
"671","terimakasihbpjs "
"672"," info  kuy  pasien bpjs  pelayanan cuci darah   wabah corona  melalu program jknkis  "
"673","info  kuy  pasien bpjs  pelayanan cuci darah   wabah corona  melalu program jknkis ya "
"674","  org yg  pancasilais   kalo paham pancasila  gak ngutang kalo  paham gak naikan bpjs kalo  paham ga"
"675","  org yg  pancasilais   kalo paham pancasila  gak ngutang kalo  paham gak naikan bpjs kalo  paham ga"
"676","  org yg  pancasilais   kalo paham pancasila  gak ngutang kalo  paham gak naikan bpjs kalo  paham ga"
"677","terimakasihbpjs   social distancing "
"678","  urusan     terimakasihbpjs "
"679","  membantu teman  orang terdekat    membantu orang    lingkar pertemanan  tren"
"680","peserta bpjs kesehatan lancar menjalani cuci darah   jknkis semoga bpjs  pelayanan terbaik "
"681","  org yg  pancasilais   kalo paham pancasila  gak ngutang kalo  paham gak naikan bpjs kalo  paham ga"
"682","  asu terimakasihbpjs"
"683","  org yg  pancasilais   kalo paham pancasila  gak ngutang kalo  paham gak naikan bpjs kalo  paham ga"
"684","buaruan bergabung yu kaksitus terpercaya  aman   ubcpoker loh  nikmati event  bonus nya tunggu "
"685","gimmick    zoom nematoda pengurai sampah    mikroskop   terimakasihbpjs"
"686","  org yg  pancasilais   kalo paham pancasila  gak ngutang kalo  paham gak naikan bpjs kalo  paham ga"
"687","  org yg  pancasilais   kalo paham pancasila  gak ngutang kalo  paham gak naikan bpjs kalo  paham ga"
"688","  org yg  pancasilais   kalo paham pancasila  gak ngutang kalo  paham gak naikan bpjs kalo  paham ga"
"689","  org yg  pancasilais   kalo paham pancasila  gak ngutang kalo  paham gak naikan bpjs kalo  paham ga"
"690","  org yg  pancasilais   kalo paham pancasila  gak ngutang kalo  paham gak naikan bpjs kalo  paham ga"
"691","  org yg  pancasilais   kalo paham pancasila  gak ngutang kalo  paham gak naikan bpjs kalo  paham ga"
"692","terimakasihbpjs berkatmu  lagu balasan  kekeyi   senintarot  seninambyar "
"693","berdamai  corona berperang  rakyat  bacotsantuy  terimakasihbpjs"
"694","  operasi mata  x gratis   bpjs  beli obat hqrus bayar bkn free  terimakasihbpjs"
"695","  org yg  pancasilais   kalo paham pancasila  gak ngutang kalo  paham gak naikan bpjs kalo  paham ga"
"696","  org yg  pancasilais   kalo paham pancasila  gak ngutang kalo  paham gak naikan bpjs kalo  paham ga"
"697","bisnis  sedia baju topi jam tangan bertema stay at home corona covit  mencari patner   endors   terimakasihbpjs"
"698","  org yg  pancasilais   kalo paham pancasila  gak ngutang kalo  paham gak naikan bpjs kalo  paham ga"
"699","  org yg  pancasilais   kalo paham pancasila  gak ngutang kalo  paham gak naikan bpjs kalo  paham ga"
"700","terimakasihbpjs stillgether moreandmore "
"701","manfaat bpjskesehatan  kerasa banget tuh contohnya utk pasien cuci darah biayanya   tp  terc "
"702","editor mulus versi asia  check in anyaterimakasihbpjsfrank zukenbergbacotsantuygadis "
"703","  org yg  pancasilais   kalo paham pancasila  gak ngutang kalo  paham gak naikan bpjs kalo  paham ga"
"704","adzan  isyak  utk wilayah surabaya    wib mari tinggalkan   aktivitas utk m "
"705","anya  gadis kretek  pingsan karna frank zukenbreg  terimakasihbpjs "
"706","salah  pasien yg ketolong bgt sma bpjskesehatan tu pasien cuci darah   op   dpt kamar rana "
"707","semenjak  kaya fakboy cowok setia kaya gua ga dianggap   terimakasihbpjs"
"708"," terimakasihbpjs hidup makjn susah tagihan bpjs   presidensintingbersekalabesar"
"709","  org yg  pancasilais   kalo paham pancasila  gak ngutang kalo  paham gak naikan bpjs kalo  paham ga"
"710","  batal ngerekrut buzzer ko  naikin tagar terimakasihbpjs  "
"711","terimakasihbpjs   habis jutaan rupiah  perawatan  lansia   jalani      "
"712","situasi terkini covid  papua barat  juni   sumber data  gugus tugas covid papua barat  info lengka "
"713","  org yg  pancasilais   kalo paham pancasila  gak ngutang kalo  paham gak naikan bpjs kalo  paham ga"
"714"," terimakasihbpjs "
"715","   pemimpin yg  mengamalkan pancasila    terimakasihbpjs "
"716","  org yg  pancasilais   kalo paham pancasila  gak ngutang kalo  paham gak naikan bpjs kalo  paham ga"
"717"," megira buzzerp   eksistensinya dgn tagar terimakasihbpjs  eh  isinya  jokes twist "
"718","terimakasihbpjs    gaji perbulan mamahku dipotong     org  faskes "
"719","  gimna gimnaaa   anya pingsan frank zukenberg sponge terimakasihbpjs "
"720","  org yg  pancasilais   kalo paham pancasila  gak ngutang kalo  paham gak naikan bpjs kalo  paham ga"
"721","sombong  orang yg sombong hukumnya sodaqoh  ngeprank tukang prank sodaqoh  ngga terimakasihbpjs "
"722","berita lengkapnya  dibaca  artikel berjudul viral bocah pengidap diabetes  cianjur     "
"723","terimakasihbpjs      rontgen paruparu  menjalani rawat jalan  rs nambal gigi  berluba "
"724"," presiden  sembunyi  terimakasihbpjs"
"725"," menghitung denda bpjs  terimakasihbpjs"
"726","  anyacuma  isi token listrik ga bisagagal   mohon pencerahan nya  yg  ga ya terimakasihbpjs"
"727","  org yg  pancasilais   kalo paham pancasila  gak ngutang kalo  paham gak naikan bpjs kalo  paham ga"
"728","  org yg  pancasilais   kalo paham pancasila  gak ngutang kalo  paham gak naikan bpjs kalo  paham ga"
"729","  org yg  pancasilais   kalo paham pancasila  gak ngutang kalo  paham gak naikan bpjs kalo  paham ga"
"730","  urusan     terimakasihbpjs "
"731"," terimakasihbpjs hidup makjn susah tagihan bpjs   presidensintingbersekalabesar"
"732","  org yg  pancasilais   kalo paham pancasila  gak ngutang kalo  paham gak naikan bpjs kalo  paham ga"
"733","  org yg  pancasilais   kalo paham pancasila  gak ngutang kalo  paham gak naikan bpjs kalo  paham ga"
"734","   yg  klo barang  sampenya terimakasihbpjs twicemoreandmore bangbangconthelive brobrogorebisano"
"735","gak kebayang besarnya biaya   ditanggung   pakai bpjs  pasien   cuci darah beta "
"736","  org yg  pancasilais   kalo paham pancasila  gak ngutang kalo  paham gak naikan bpjs kalo  paham ga"
"737","  org yg  pancasilais   kalo paham pancasila  gak ngutang kalo  paham gak naikan bpjs kalo  paham ga"
"738"," terimakasihbpjs hidup makjn susah tagihan bpjs   presidensintingbersekalabesar"
"739","   pemimpin yg  mengamalkan pancasila    terimakasihbpjs "
"740","   yg  klo barang  sampenya terimakasihbpjs twicemoreandmore bangbangconthelive brobrogorebisano"
"741","  org yg  pancasilais   kalo paham pancasila  gak ngutang kalo  paham gak naikan bpjs kalo  paham ga"
"742","tagar  ngadi ngadi aja deh   terimakasihbpjs"
"743","  org yg  pancasilais   kalo paham pancasila  gak ngutang kalo  paham gak naikan bpjs kalo  paham ga"
"744","  org yg  pancasilais   kalo paham pancasila  gak ngutang kalo  paham gak naikan bpjs kalo  paham ga"
"745","   yg  klo barang  sampenya terimakasihbpjs twicemoreandmore bangbangconthelive brobrogorebisano"
"746","terimakasihbpjs berkat mu sampe     hidup "
"747","  org yg  pancasilais   kalo paham pancasila  gak ngutang kalo  paham gak naikan bpjs kalo  paham ga"
"748","  masuk rs   diagnosis dbd maag kronis typus amp  anemia  alhamdulilah nggak ngeluarin uang sepes "
"749","terimakasihbpjs oh ya    defisit yooowww bayar upah dokter perawat  sampe telat eheheh"
"750","terimakasihbpjs obat  biaya layananya   diperbanyak yg ditanggung  biayanya "
"751","  membantu teman  orang terdekat    membantu orang    lingkar pertemanan  tren"
"752","terimakasihbpjs perbaiki biaya iuran  kesini  iya  dimahalin"
"753","sponge frank zukenberg anya pingsan terimakasihbpjs  anjir "
"754","terimakasihbpjs  orang tertolong  bantuanmu  disisi   orang yg gak  bayar bpjs sehi "
"755","aneh nyaa ko  tagar gini  terimakasihbpjs"
"756","terimakasihbpjs perbaiki pelayanan  administrasi yg berbelit"
"757","  bpjs    kyk ta terimakasihbpjs"
"758","  org yg  pancasilais   kalo paham pancasila  gak ngutang kalo  paham gak naikan bpjs kalo  paham ga"
"759","  terimakasihbpjs "
"760","  batal ngerekrut buzzer ko  naikin tagar terimakasihbpjs  "
"761"," kali memuji terimakasihbpjs   eswl  kali pasang djstent dirawat  rs   minggu  "
"762"," bs operasi caesar gretong  melahirkan anak k jagoan ku yg sholih krn kekuatan fisikku yg sdh tdk memungki "
"763","terimakasihbpjs  dpt pelayanan yg  sepertii pasien   pembayaran    operasi  biaya  "
"764","   yg  klo barang  sampenya terimakasihbpjs twicemoreandmore bangbangconthelive brobrogorebisano"
"765","  org yg  pancasilais   kalo paham pancasila  gak ngutang kalo  paham gak naikan bpjs kalo  paham ga"
"766"," bpjs    kyk ta terimakasihbpjs"
"767","terimakasihbpjs"
"768","  org yg  pancasilais   kalo paham pancasila  gak ngutang kalo  paham gak naikan bpjs kalo  paham ga"
"769","  kali operasi pake bpjs gratis klo ga  bpjs sayang bgt uang nya terimakasihbpjs"
"770","bpjskesehatan membantu masyarakat  layanan cuci darah   wabah corona newnormal "
"771","  ga sih dg  jknkis peserta bpjs kesehatan lancar menjalani cuci darah  ny "
"772"," urusan     terimakasihbpjs "
"773","bpjs  lg terimakasihbpjs"
"774","   yg  klo barang  sampenya terimakasihbpjs twicemoreandmore bangbangconthelive brobrogorebisano"
"775","terimakasihbpjs listen to doja catsay so versi sunda by ryry soekra on soundcloud "
"776"," uninstall kemiskinan  failed  emang aplikasi bawaan  sumber  internet      bacotsantuy "
"777"," ruang tunggu adm rs  mliht kertas yg dibawa  sblah berbeda dg yg kubawa   mnympatkan brtnya  a "
"778","  org yg  pancasilais   kalo paham pancasila  gak ngutang kalo  paham gak naikan bpjs kalo  paham ga"
"779","  org yg  pancasilais   kalo paham pancasila  gak ngutang kalo  paham gak naikan bpjs kalo  paham ga"
"780","gabung amp  mainkan turnamen casino online total hadiah  juta  turnover tertinggi  pemenangnya "
"781","pencairan bpjs ku dr tsnggal    ga  kabarnyaterimakasihbpjs  saldo ku cek    "
"782","  org yg  pancasilais   kalo paham pancasila  gak ngutang kalo  paham gak naikan bpjs kalo  paham ga"
"783","   sudha merasakan baiknya bpjs setahun yg  klo gk  bpjs   yg    "
"784","memperbaiki monitor lg ws led power berkedip  menerus  bacotsantuy moreandmore "
"785","anak   masuk rumah sakit  usia       gratis berkat bpjskesehatan   "
"786","terimakasihbpjs   orang  selamtkan "
"787","  org yg  pancasilais   kalo paham pancasila  gak ngutang kalo  paham gak naikan bpjs kalo  paham ga"
"788"," terimakasihbpjs hidup makjn susah tagihan bpjs   presidensintingbersekalabesar"
"789","   pemimpin yg  mengamalkan pancasila    terimakasihbpjs "
"790","  org yg  pancasilais   kalo paham pancasila  gak ngutang kalo  paham gak naikan bpjs kalo  paham ga"
"791","  org yg  pancasilais   kalo paham pancasila  gak ngutang kalo  paham gak naikan bpjs kalo  paham ga"
"792","anya ditolong  gadis kretek garagara pingsan  ber terimakasihbpjs   membiayai pengobatannya  "
"793"," opnam x   rs terbantu   bpjs  ga  gratis  pengeluarannya  sebany "
"794","  org yg  pancasilais   kalo paham pancasila  gak ngutang kalo  paham gak naikan bpjs kalo  paham ga"
"795","selamat  pancasila  teruskan citacita luhur pendiri bangsa    pancasila   legenda sem "
"796","   pemimpin yg  mengamalkan pancasila    terimakasihbpjs "
"797","   kesendirian  mengkoreksi     perbuat ambivert  positif   dik "
"798","udah  ga bayar bpjs terimakasihbpjs"
"799","  org yg  pancasilais   kalo paham pancasila  gak ngutang kalo  paham gak naikan bpjs kalo  paham ga"
"800","  org yg  pancasilais   kalo paham pancasila  gak ngutang kalo  paham gak naikan bpjs kalo  paham ga"
"801","anya  gadis kretek    terimakasihbpjs   ikuti  frank zukenberg  mas adi "
"802","  org yg  pancasilais   kalo paham pancasila  gak ngutang kalo  paham gak naikan bpjs kalo  paham ga"
"803","  org yg  pancasilais   kalo paham pancasila  gak ngutang kalo  paham gak naikan bpjs kalo  paham ga"
"804"," twit yg relevan  hashtag  gak ya terimakasihbpjs"
"805","  org yg  pancasilais   kalo paham pancasila  gak ngutang kalo  paham gak naikan bpjs kalo  paham ga"
"806","  org yg  pancasilais   kalo paham pancasila  gak ngutang kalo  paham gak naikan bpjs kalo  paham ga"
"807","terimakasihbpjs "
"808","  org yg  pancasilais   kalo paham pancasila  gak ngutang kalo  paham gak naikan bpjs kalo  paham ga"
"809","  syukur  teramat  tiada henti terucap  bibir ni made sri harisomawati  "
"810","   yg  klo barang  sampenya terimakasihbpjs twicemoreandmore bangbangconthelive brobrogorebisano"
"811","    gaji dipotong  jht     bermasalah sm sistem  konxxl  buzzerp ga makan klo ga n"
"812","sepupu     cuci darah  gagal ginjal  alhamdulillah dicover bpjs bener terimakasih  terimakasihbpjs"
"813","  org yg  pancasilais   kalo paham pancasila  gak ngutang kalo  paham gak naikan bpjs kalo  paham ga"
"814","  org yg  pancasilais   kalo paham pancasila  gak ngutang kalo  paham gak naikan bpjs kalo  paham ga"
"815","  org yg  pancasilais   kalo paham pancasila  gak ngutang kalo  paham gak naikan bpjs kalo  paham ga"
"816","  org yg  pancasilais   kalo paham pancasila  gak ngutang kalo  paham gak naikan bpjs kalo  paham ga"
"817","malam tweeps    pandemi virus   melayani peserta jknkis  peserta  bali "
"818","  bayar  bpjs kelas  giliran  sakit gejala db  surat rujukan  rumah sakit aja kaga d "
"819","salah  peserta besyukur   jknkis peserta bpjs kesehatan lancar menjalani cuci darah  "
"820","   pemimpin yg  mengamalkan pancasila    terimakasihbpjs "
"821","perkembangan  corona covid  indonesia    juni   grafik positif corona  indonesia  te "
"822","tagar   tagar penjilat negeri bpjs  produk gagal dungu  terimakasihbpjs"
"823","  membantu teman  orang terdekat    membantu orang    lingkar pertemanan  tren"
"824","  org yg  pancasilais   kalo paham pancasila  gak ngutang kalo  paham gak naikan bpjs kalo  paham ga"
"825","  org yg  pancasilais   kalo paham pancasila  gak ngutang kalo  paham gak naikan bpjs kalo  paham ga"
"826","  org yg  pancasilais   kalo paham pancasila  gak ngutang kalo  paham gak naikan bpjs kalo  paham ga"
"827","   pemimpin yg  mengamalkan pancasila    terimakasihbpjs "
"828","  aturan denda bpjs yg nunggak    bayar bpjs menolong  membunuh  terimakasihbpjs"
"829","  org yg  pancasilais   kalo paham pancasila  gak ngutang kalo  paham gak naikan bpjs kalo  paham ga"
"830","  org yg  pancasilais   kalo paham pancasila  gak ngutang kalo  paham gak naikan bpjs kalo  paham ga"
"831","  org yg  pancasilais   kalo paham pancasila  gak ngutang kalo  paham gak naikan bpjs kalo  paham ga"
"832","  org yg  pancasilais   kalo paham pancasila  gak ngutang kalo  paham gak naikan bpjs kalo  paham ga"
"833","  org yg  pancasilais   kalo paham pancasila  gak ngutang kalo  paham gak naikan bpjs kalo  paham ga"
"834","  org yg  pancasilais   kalo paham pancasila  gak ngutang kalo  paham gak naikan bpjs kalo  paham ga"
"835","  org yg  pancasilais   kalo paham pancasila  gak ngutang kalo  paham gak naikan bpjs kalo  paham ga"
"836","terimakasihbpjs alhamdulillah   blm   semoga ga   "
"837","  jknkis peserta bpjskesehatan lancar menjalani cuci darah info  lengkap klik link  "
"838","heii guys       jknkis peserta bpjs kesehatan lancar menjalani cuci darah lohh "
"839","   yg  klo barang  sampenya terimakasihbpjs twicemoreandmore bangbangconthelive brobrogorebisano"
"840","terimakasihbpjs  dwisasono tetanggamasagitu penangkapandwisasono viral flashback  potret keakraban dwi s "
"841"," terimakasihbpjs hidup makjn susah tagihan bpjs   presidensintingbersekalabesar"
"842","  org yg  pancasilais   kalo paham pancasila  gak ngutang kalo  paham gak naikan bpjs kalo  paham ga"
"843","    gaji dipotong  jht     bermasalah sm sistem  konxxl  buzzerp ga makan klo ga n"
"844","  membantu teman  orang terdekat    membantu orang    lingkar pertemanan  tren"
"845","  org yg  pancasilais   kalo paham pancasila  gak ngutang kalo  paham gak naikan bpjs kalo  paham ga"
"846","  byk yg merasakan manfaat jknkis salah satunya peserta bpjs kesehatan  yg lancar menjalani cuci darah krn dibiay"
"847","  org yg  pancasilais   kalo paham pancasila  gak ngutang kalo  paham gak naikan bpjs kalo  paham ga"
"848","terimakasihbpjs tnigadungan tentaragadungan kopasusgadungan  viral ngaku kopassus tentara gadungan dicidu "
"849","  membantu teman  orang terdekat    membantu orang    lingkar pertemanan  tren"
"850","  jknkis peserta bpjs kesehatan harisomawati lancar menjalani cuci darah seminggu  kali "
"851","  org yg  pancasilais   kalo paham pancasila  gak ngutang kalo  paham gak naikan bpjs kalo  paham ga"
"852","  org yg  pancasilais   kalo paham pancasila  gak ngutang kalo  paham gak naikan bpjs kalo  paham ga"
"853","  org yg  pancasilais   kalo paham pancasila  gak ngutang kalo  paham gak naikan bpjs kalo  paham ga"
"854"," membantu teman  orang terdekat    membantu orang    lingkar pertemanan  "
"855","  org yg  pancasilais   kalo paham pancasila  gak ngutang kalo  paham gak naikan bpjs kalo  paham ga"
"856","share pengalaman     sakit  opname  wafatnya plus ambulan  gratis tis terimakasihbpjs"
"857"," upload data  antrian online bpjs ketenagakerjaan  error    buzzerp aja yg bilang terimakasihbpjs  asuu "
"858","masya allah   jknkis peserta bpjs kesehatan lancar menjalani cuci darahsangat terbantu sekalisemoga "
"859","  org yg  pancasilais   kalo paham pancasila  gak ngutang kalo  paham gak naikan bpjs kalo  paham ga"
"860","  org yg  pancasilais   kalo paham pancasila  gak ngutang kalo  paham gak naikan bpjs kalo  paham ga"
"861","terimakasihbpjs  by ig opposisiofficial "
"862","  org yg  pancasilais   kalo paham pancasila  gak ngutang kalo  paham gak naikan bpjs kalo  paham ga"
"863","  org yg  pancasilais   kalo paham pancasila  gak ngutang kalo  paham gak naikan bpjs kalo  paham ga"
"864"," bikin tagar   sihterimakasihbpjs"
"865"," batal ngerekrut buzzer ko  naikin tagar terimakasihbpjs  "
"866","  donaldtrump stayhome covid policebrutality riots riot dallas minneapolisprotests "
"867"," welcome to chanel rici  maaf ya gaes  pingsan ya    promosi doang   hehehe   "
"868","   yg  klo barang  sampenya terimakasihbpjs twicemoreandmore bangbangconthelive brobrogorebisano"
"869","  org yg  pancasilais   kalo paham pancasila  gak ngutang kalo  paham gak naikan bpjs kalo  paham ga"
"870"," membantu banget   pembayaran bulanan    jaminan  bermanfaat  membantu d "
"871"," mas adi  anya gadis kretek  frank zukenberg   neraca energi  indonesia  pemanfaatannya statistikind"
"872","  org yg  pancasilais   kalo paham pancasila  gak ngutang kalo  paham gak naikan bpjs kalo  paham ga"
"873"," terimakasihbpjs "
"874","  org yg  pancasilais   kalo paham pancasila  gak ngutang kalo  paham gak naikan bpjs kalo  paham ga"
"875","bayar jknkis   eeeh   dipakai telat bayar langsung nonaktif terimakasihbpjs"
"876","mas adi  anya gadis kretek  frank zukenberg   neraca energi  indonesia  pemanfaatannya "
"877"," terimakasihbpjs "
"878","  org yg  pancasilais   kalo paham pancasila  gak ngutang kalo  paham gak naikan bpjs kalo  paham ga"
"879","  org yg  pancasilais   kalo paham pancasila  gak ngutang kalo  paham gak naikan bpjs kalo  paham ga"
"880","  org yg  pancasilais   kalo paham pancasila  gak ngutang kalo  paham gak naikan bpjs kalo  paham ga"
"881","  org yg  pancasilais   kalo paham pancasila  gak ngutang kalo  paham gak naikan bpjs kalo  paham ga"
"882","  keluarga pake bpjs  terimakasihbpjs"
"883","    terimakasihbpjs"
"884","klo  paham  manfaat bpjs senior   kantor operasi jg pake bpjs so manfaatnya    men "
"885","  gak hafal pancasila gausah ucapin   terimakasihbpjs bhinnekatunggalika  pancasiladay "
"886"," welcome to chanel rici  maaf ya gaes  pingsan ya    promosi doang   hehehe   "
"887"," pengen bener ngomongin  bpjs  gua belom bayar make duit   terimakasihbpjs"
"888","  yuk  like like  terimakasihbpjs"
"889","pengen bener ngomongin  bpjs  gua belom bayar make duit   terimakasihbpjs"
"890","welcome to chanel rici  maaf ya gaes  pingsan ya    promosi doang   hehehe "
"891","  org yg  pancasilais   kalo paham pancasila  gak ngutang kalo  paham gak naikan bpjs kalo  paham ga"
"892","  org yg  pancasilais   kalo paham pancasila  gak ngutang kalo  paham gak naikan bpjs kalo  paham ga"
"893"," upload data  antrian online bpjs ketenagakerjaan  error    buzzerp aja yg bilang terimakasihbpjs  asuu "
"894"," gak hafal pancasila gausah ucapin   terimakasihbpjs bhinnekatunggalika  pancasiladay "
"895","  org yg  pancasilais   kalo paham pancasila  gak ngutang kalo  paham gak naikan bpjs kalo  paham ga"
"896","sembari pantau twiceiscoming  terimakasihbpjs   gadis kretek  yg  bikin desain cus dah dm  "
"897","  org yg  pancasilais   kalo paham pancasila  gak ngutang kalo  paham gak naikan bpjs kalo  paham ga"
"898","selamt  player   bonus idulfitri      berkecil hati   lapak "
"899","  org yg  pancasilais   kalo paham pancasila  gak ngutang kalo  paham gak naikan bpjs kalo  paham ga"
"900","  org yg  pancasilais   kalo paham pancasila  gak ngutang kalo  paham gak naikan bpjs kalo  paham ga"
"901","harap berhusnuzhon   panik  terimakasihbpjs "
"902","yuk santai dirumahaja  belajar membaca bahasa inggris     twicemoreandmore "
"903","terimakasihbpjs   succes    lu  bikin orang gila tersenyum   nyaman"
"904","   yg  klo barang  sampenya terimakasihbpjs twicemoreandmore bangbangconthelive brobrogorebisano"
"905"," yuk  like like  terimakasihbpjs"
"906","   pandemi  peserta bpjs kesehatan   menjalani cuci darah  lancar "
"907"," nih terimakasihbpjs "
"908","  org yg  pancasilais   kalo paham pancasila  gak ngutang kalo  paham gak naikan bpjs kalo  paham ga"
"909","  org yg  pancasilais   kalo paham pancasila  gak ngutang kalo  paham gak naikan bpjs kalo  paham ga"
"910","    gaji dipotong  jht     bermasalah sm sistem  konxxl  buzzerp ga makan klo ga n"
"911"," hidup    hubungan    allah urusan    allah   dibawa baper"
"912","  org yg  pancasilais   kalo paham pancasila  gak ngutang kalo  paham gak naikan bpjs kalo  paham ga"
"913","  org yg  pancasilais   kalo paham pancasila  gak ngutang kalo  paham gak naikan bpjs kalo  paham ga"
"914","   pemimpin yg  mengamalkan pancasila    terimakasihbpjs "
"915","  org yg  pancasilais   kalo paham pancasila  gak ngutang kalo  paham gak naikan bpjs kalo  paham ga"
"916","  mengeluh   bpjs taun  mengalami kenaikan administrasi  berbelit hutang bpjs  ru "
"917"," terimakasihbpjs   udah gak sanggup bayar tagihannya "
"918","terimakasihbpjs   allah  turun  juni   musibah  indonesia cc   "
"919","guys    nyemil   salad buah nih lokasi  depok sekitaran simpangan depok bbm jatijajar vilp "
"920","  org yg  pancasilais   kalo paham pancasila  gak ngutang kalo  paham gak naikan bpjs kalo  paham ga"
"921","  org yg  pancasilais   kalo paham pancasila  gak ngutang kalo  paham gak naikan bpjs kalo  paham ga"
"922","anya geraldine sponge frank zuckenberg trus ngucapin terimakasihbpjs  "
"923","  org yg  pancasilais   kalo paham pancasila  gak ngutang kalo  paham gak naikan bpjs kalo  paham ga"
"924","pengen tau bpjs mengcover pengobatan ditusuk temen    nggak  terimakasihbpjs"
"925","   nyemil  intip jualan  guys  salad buah nih lokasi  depok sekitaran simpangan depok "
"926","  terimakasihbpjs gudankkabar baktipolriuntuksesama pancasilaperajutbangsa trending"
"927","terimakasihbpjs   allah  turun  mei   indonesia cc   "
"928","  org yg  pancasilais   kalo paham pancasila  gak ngutang kalo  paham gak naikan bpjs kalo  paham ga"
"929","  org yg  pancasilais   kalo paham pancasila  gak ngutang kalo  paham gak naikan bpjs kalo  paham ga"
"930","klu bpjs ketenagakerjaan mah  bagus hitung tabungan  pensiun  klu kecelakaan kerja  ikutin prosedu "
"931","w operasi kemarin pake bpjs terimakasihbpjs   udh nunggak    tekor kere astaghfirullah"
"932","andaikan bpjs   ruang    keluargaku  member   sungguh terimakasihbpjs  t "
"933","hidup    hubungan    allah urusan    allah   dibawa ba "
"934","  org yg  pancasilais   kalo paham pancasila  gak ngutang kalo  paham gak naikan bpjs kalo  paham ga"
"935","bpjs  dinaikan   rencana  menerapkan new normal  pemerintah  antisipasi  new "
"936","   pemimpin yg  mengamalkan pancasila    terimakasihbpjs "
"937","   pemimpin yg  mengamalkan pancasila    terimakasihbpjs "
"938","buzzer kontool  lu pikir   beres pake hastag   terimakasihbpjs"
"939","pancasiladay pancasila terimakasihbpjs indonesia jokowi "
"940","bpjs  mengajarkan  beramal  mengiklaskan bayar iurandoa   tdk sakit smuasmoga  membangun "
"941","harga  peringatan pemerintah  bungkus rokok merokok  meringankan beban bpjs terimakasihbpjs"
"942","soreee  gak dipungkiri    tertolong     bpjskesehatan "
"943","  org yg  pancasilais   kalo paham pancasila  gak ngutang kalo  paham gak naikan bpjs kalo  paham ga"
"944","terimakasihbpjs "
"945","terimakasihbpjs"
"946","  yg  klo barang  sampenya terimakasihbpjs twicemoreandmore bangbangconthelive "
"947","terimakasihbpjs yg     makan ayam  ikan   makan   tempe "
"948","nggak sabar nunggu mv gemintanghatiku lyodramvgh lyodraginting  ancasila anyageraldine terimakasihbpjs mas adi"
"949","nggak sabar nunggu mv gemintanghatiku lyodramvgh lyodraginting  ancasila anyageraldine terimakasihbpjs"
"950","this is so true terimakasihbpjs   "
"951","nggak sabar nunggu mv   gemintanghatiku lyodramvgh lyodraginting  pancasila "
"952"," lt lt  terimakasihbpjs lt lt  bangbangconthelive lt  pancasilasakti"
"953"," terimakasihbpjs  memaksa rakyat  autodebit yg error x sebulan  dipotong solusiny kagak  ditanyain b"
"954","  org yg  pancasilais   kalo paham pancasila  gak ngutang kalo  paham gak naikan bpjs kalo  paham ga"
"955","  buzzerrp yg bilang terimakasihbpjs"
"956"," sistem rujukanmu  membuletkan  peserta bpjs terimakasihbpjs"
"957"," sampah cok terimakasihbpjs"
"958","  org yg  pancasilais   kalo paham pancasila  gak ngutang kalo  paham gak naikan bpjs kalo  paham ga"
"959","terimakasihbpjs  memaksa rakyat  autodebit yg error x sebulan  dipotong solusiny kagak  dita "
"960","  org yg  pancasilais   kalo paham pancasila  gak ngutang kalo  paham gak naikan bpjs kalo  paham ga"
"961","  org yg  pancasilais   kalo paham pancasila  gak ngutang kalo  paham gak naikan bpjs kalo  paham ga"
"962","  org yg  pancasilais   kalo paham pancasila  gak ngutang kalo  paham gak naikan bpjs kalo  paham ga"
"963","  org yg  pancasilais   kalo paham pancasila  gak ngutang kalo  paham gak naikan bpjs kalo  paham ga"
"964"," sih syarat  keuntungan  agen referral yuk simak penjelasannya chat  wa   li "
"965","  org yg  pancasilais   kalo paham pancasila  gak ngutang kalo  paham gak naikan bpjs kalo  paham ga"
"966"," buzzerrp yg bilang terimakasihbpjs"
"967","new normal  jahat terimakasihbpjs "
"968","  kenaikan iuran diharapkan bpjs   pelayanan yg terbaik support bpjs kesehatan memberik "
"969","  org yg  pancasilais   kalo paham pancasila  gak ngutang kalo  paham gak naikan bpjs kalo  paham ga"
"970","sistem rujukanmu  membuletkan  peserta bpjs terimakasihbpjs"
"971","sampah cok terimakasihbpjs"
"972","terimakasihbpjs  ngerjain  bolak   seminggu  ngurus bpjs      ga rebahan  "
"973","  org yg  pancasilais   kalo paham pancasila  gak ngutang kalo  paham gak naikan bpjs kalo  paham ga"
"974","terimakasihbpjs   bayarnya  rb    salah ya"
"975","  org yg  pancasilais   kalo paham pancasila  gak ngutang kalo  paham gak naikan bpjs kalo  paham ga"
"976","  org yg  pancasilais   kalo paham pancasila  gak ngutang kalo  paham gak naikan bpjs kalo  paham ga"
"977"," iuran bpjs  diharapkan   pelayanan  fasilitas  terbaik  warga indonesia dihar "
"978","  pemimpin yg  mengamalkan pancasila    terimakasihbpjs "
"979","gadis kretek terimakasihbpjs "
"980","wow   terimakasihbpjs"
"981","  org yg  pancasilais   kalo paham pancasila  gak ngutang kalo  paham gak naikan bpjs kalo  paham ga"
"982"," iuran bpjs   relatif murah dibandingkan  kualitas penanganan   layanan bpjs "
"983","  org yg  pancasilais   kalo paham pancasila  gak ngutang kalo  paham gak naikan bpjs kalo  paham ga"
"984"," terimakasihbpjs   udah gak sanggup bayar tagihannya "
"985","  org yg  pancasilais   kalo paham pancasila  gak ngutang kalo  paham gak naikan bpjs kalo  paham ga"
"986"," reaksi mak irits  dikasih tau bpjs batal       terimakasihbpjs  kelastetap "
"987","  org yg  pancasilais   kalo paham pancasila  gak ngutang kalo  paham gak naikan bpjs kalo  paham ga"
"988","bpjs  tarif terimakasihbpjs"
"989","sumpahaku terkejood   kantorngambil do tibatiba   acounting  duduk  belakangnya "
"990","terimakasihbpjs  ucapkan terimakasih kontribusi    nyawa orangtua  bertahan   "
"991"," terimakasihbpjs hidup makjn susah tagihan bpjs   presidensintingbersekalabesar"
"992","apasih yg beres  negeri    terimakasihbpjs versi "
"993","  org yg  pancasilais   kalo paham pancasila  gak ngutang kalo  paham gak naikan bpjs kalo  paham ga"
"994","  org yg  pancasilais   kalo paham pancasila  gak ngutang kalo  paham gak naikan bpjs kalo  paham ga"
"995","  org yg  pancasilais   kalo paham pancasila  gak ngutang kalo  paham gak naikan bpjs kalo  paham ga"
"996","  org yg  pancasilais   kalo paham pancasila  gak ngutang kalo  paham gak naikan bpjs kalo  paham ga"
"997","  org yg  pancasilais   kalo paham pancasila  gak ngutang kalo  paham gak naikan bpjs kalo  paham ga"
"998","terimakasihbpjs  nih mampir  rumah  ngopi ngopi aja tibang rengginang ama geplak mah  biar akrab aja "
"999","  org yg  pancasilais   kalo paham pancasila  gak ngutang kalo  paham gak naikan bpjs kalo  paham ga"
"1000","  org yg  pancasilais   kalo paham pancasila  gak ngutang kalo  paham gak naikan bpjs kalo  paham ga"
"1001","terimakasihbpjs   netflix murah works  indihome amp  tsel  vpn gratis   bayar ultra hd   "
"1002","terimakasihbpjs hidup makjn susah tagihan bpjs   presidensintingbersekalabesar"
"1003","  jknkis peserta bpjskesehatan lancar  layanan cuci darah   wabah corona "
"1004","semoga temanteman penderita gagal ginjal   kelancaran  proses cuci darah  rumah sakit "
"1005","   gaji dipotong  jht     bermasalah sm sistem  konxxl  buzzerp ga makan "
"1006"," mblooo   jadwal   kartinibingung terimakasihbpjs "
"1007","trik uangamp pulsa gratis  klik link dibawah                                        "
"1008","upload data  antrian online bpjs ketenagakerjaan  error    buzzerp aja yg bilang terimakasihbpjs  asuu "
"1009","berkat  bpjs kesehatan  harisomawati  lancar menjalani cuci darah beliau  bersyukur   "
"1010","terimakasihbpjs    kehabisan uang"
"1011","  janda semok terimakasihbpjs"
"1012"," org yg  pancasilais   kalo paham pancasila  gak ngutang kalo  paham gak naikan bpjs kalo  pa "
"1013"," terimakasihbpjs   udah gak sanggup bayar tagihannya "
"1014","terimakasihbpjs   udah gak sanggup bayar tagihannya "
"1015","peserta puas  pelayanan bpjs kesehatanseperti   harisomawati salah  pasien bpjs  lanca "
"1016","harisomawati  salah  pasien jknkis   rutin menjalani cuci darah dimasa pandemi inibaginya manf "
"1017"," wabah corona bpjs kesehatan   pelayanan terbaik  pasien jknkis  menjalani cuci dara "
"1018","hamdalah berkat jknkis peserta  benarbenar merasakan manfaat amp  keuntungannya  membayar iuran yg rutin b "
"1019","papa mertua  kemarin masuk rs pertamina  tekanan darah    scan   pendarahan  otak "
"1020","  terimakasihbpjs"
"1021"," nii  nyari jdwal rs yg lowong  cuci darah ibuku bismillah semoga   jknkis yg ibuku  "
"1022","pasien bpjs  pelayanan cuci darah   wabah corona  melalu program jknkis bpjskesehatan "
"1023","kehadiran program jknkis  harisomawati bersyukur berkat jknkis   menjalani cuci darah rutin hi "
"1024","yuk  support bpjs kesehatan  layanan terbaik nyata loh     jknkis peserta "
"1025","bukti  jknkis  membantu masyarakat salah satunya  harisomawati   cuci darah  "
"1026","harisomawati  salah  peserta jknkis  merasakan manfaat    program jknkismeski  pa "
"1027","guys simak deh info     jknkis peserta bpjs kesehatan lancar menjalani cuci darah alhamdulil "
"1028","  jknkis peserta bpjs kesehatan lancar menjalani cuci darah    kemudahan    pen "
"1029","  jknkiss peserta bpjskesehatan lancar menjalani cuci darah  newnormal "
"1030","alhamdulillah   jknkis peserta bpjs kesehatan lancar menjalani cuci darah   bpjskesehatan newnormal "
"1031","berkat bpjskesehatan cuci darah  lancar dijalani  gotongroyongsemuatertolong  newnormal "
"1032","ditengah kondisi   byk pasien cuci darah binggung   cuci darah gak uang  untung  jks kis yg sanga "
"1033","  jknkis peserta bpjs kesehatan lancar menjalani cuci darah  sumber   "
"1034"," amp   ipar perempuan  melahirkan terbantu   bpjskesehatan  lahiran    "
"1035","  jknkis peserta bpjskesehatan lancar menjalani cuci darah  seneng dengernya semoga lekas sembuh "
"1036","  menjalani cuci darah rutin  biaya  dibutuhkan    ya  untunglah  bpjs ya "
"1037","bpjs kesehatan menolong rakyat  sakit  info dibawah   peserta bpjs kesehatan lancar menjalani cuc "
"1038","hi  tweeps selamat siang  ungkapan hati ni made sri harisomawati  keberadaan jknkis peserta bpjs keseh "
"1039"," bpjskesehatan menolong rakyat  sakit  nyata  baca ajah    b "
"1040","  wabah bpjskesehatan  menolong rakyat  sakit  salah  kesaksian peserta  lanca "
"1041","yuk  support bpjs kesehatan  layanan terbaik nyata loh     jknkis peserta "
"1042"," suka main   penyakit   mama tugas     curhatan  pasien nih  yg cerita "
"1043"," peserta bpjs kesehatan   lancar cuci darah manfaatkan  jknkis  "
"1044","   jknkis peserta bpjs kesehatan lancar menjalani cuci darah simak beritanya  link  in "
"1045"," byk yg merasakan manfaat jknkis salah satunya peserta bpjs kesehatan  yg lancar menjalani cuci darah krn "
"1046"," senang mendengarnya    jknkis peserta bpjs kesehatan lancar menjalani cuci darah  got "
"1047","nih   jknkis peserta bpjs kesehatan lancar  menjalani program cuci darah  beliau  bersy "
"1048","jknkis  bpjskesehatan   dipake  ngecover pasien cuci darah  semoga  "
"1049","  jknkis peserta bpjskesehatan lancar menjalani cuci darah  seneng dengernya semoga lekas sembuh "
"1050","  jknkis peserta bpjs kesehatan lancar  menjalani cuci darah  cek sumbernya  "
"1051"," kerja  eksistensial  kerja    kerja  dibutuhkan  barang    menyukai  li"
"1052","cekidot gaes   bagus nih   baca  bpjskesehatan terimakasihbpjs bpjsmelayani negarahadirbantubpjs  "
"1053","bagus nih slur   panduan  peserta jaminan kesehatan  bpjskesehatan terimakasihbpjs bpjsmelayani "
"1054"," ebook    bacabaca nih  panduan layanan peserta jaminan kesehatan  unduh  baca  rebahan ya"
"1055","ebook    bacabaca nih  panduan layanan peserta jaminan kesehatan  unduh  baca  reb "
"1056","  kali dangkal informasi   riuh   yuk dibaca  biar  paham ya   bpjskesehatan terimakasih"
"1057","lanjutannya  yuk dipahami  rebahan santuy yuk  terimakasihbpjs bpjsmelayani bpjscegahcorona "
"1058","rengginang     ngemil yuk  baca  slur  iuranbpjs negarahadirbantubpjs terimakasihbpjs "
"1059","  kali dangkal informasi   riuh   yuk dibaca  biar  paham ya   bpjskesehatan terimakasih"
"1060"," makan   biar mikirnya bener bpjskesehatan  terimakasihbpjs  nagarabantubpjs"
"1061","  kali dangkal informasi   riuh   yuk dibaca  biar  paham ya   bpjskesehatan terimakasih"
"1062","cekidot ya gaes biar kagak tubir ajah  galau molo   iuranbpjs negarahadirbantubpjs terimakasihbpjs "
"1063","  kali dangkal informasi   riuh   yuk dibaca  biar  paham ya   bpjskesehatan terimakasih"
"1064","  kali dangkal informasi   riuh   yuk dibaca  biar  paham ya   bpjskesehatan terimakasih"
"1065"," kali dangkal informasi   riuh   yuk dibaca  biar  paham ya   bpjskesehatan "
"1066"," yg share komik terimakasihbpjs kelastetap  ikutan  ahhh "
"1067","reaksi mak irits  dikasih tau bpjs batal       terimakasihbpjs  "
"1068"," terimakasihbpjs berkat kau  kebal penyakit "
